<?xml version="1.0" encoding="UTF-8"?>
<soycms><id>soycmsblog</id><name>SOY CMSブログテンプレート</name><type>200</type><description><![CDATA[Design by http://www.ladybeetle-design.com/]]></description><files><file><name>files_soyblog_style.css</name><path>/files/soyblog/style.css</path><description/></file><file><name>files_soyblog_wink.js</name><path>/files/soyblog/wink.js</path><description/></file><file><name>files_soyblog_img_address_bg.jpg</name><path>/files/soyblog/img/address_bg.jpg</path><description/></file><file><name>files_soyblog_img_bg.jpg</name><path>/files/soyblog/img/bg.jpg</path><description/></file><file><name>files_soyblog_img_blog_btn_cmt.jpg</name><path>/files/soyblog/img/blog_btn_cmt.jpg</path><description/></file><file><name>files_soyblog_img_blog_cmt_bg.jpg</name><path>/files/soyblog/img/blog_cmt_bg.jpg</path><description/></file><file><name>files_soyblog_img_blog_detail_bg.jpg</name><path>/files/soyblog/img/blog_detail_bg.jpg</path><description/></file><file><name>files_soyblog_img_blog_detail_r2_c2.jpg</name><path>/files/soyblog/img/blog_detail_r2_c2.jpg</path><description/></file><file><name>files_soyblog_img_blog_entry_bg.jpg</name><path>/files/soyblog/img/blog_entry_bg.jpg</path><description/></file><file><name>files_soyblog_img_blog_entry_more.jpg</name><path>/files/soyblog/img/blog_entry_more.jpg</path><description/></file><file><name>files_soyblog_img_blog_h4_bg.jpg</name><path>/files/soyblog/img/blog_h4_bg.jpg</path><description/></file><file><name>files_soyblog_img_blog_header.jpg</name><path>/files/soyblog/img/blog_header.jpg</path><description/></file><file><name>files_soyblog_img_blog_icon_cmt_author.jpg</name><path>/files/soyblog/img/blog_icon_cmt_author.jpg</path><description/></file><file><name>files_soyblog_img_blog_icon_comment.jpg</name><path>/files/soyblog/img/blog_icon_comment.jpg</path><description/></file><file><name>files_soyblog_img_blog_icon_tb.jpg</name><path>/files/soyblog/img/blog_icon_tb.jpg</path><description/></file><file><name>files_soyblog_img_blog_icon_tb_title.jpg</name><path>/files/soyblog/img/blog_icon_tb_title.jpg</path><description/></file><file><name>files_soyblog_img_blog_side_archive.jpg</name><path>/files/soyblog/img/blog_side_archive.jpg</path><description/></file><file><name>files_soyblog_img_blog_side_category.jpg</name><path>/files/soyblog/img/blog_side_category.jpg</path><description/></file><file><name>files_soyblog_img_blog_side_comment.jpg</name><path>/files/soyblog/img/blog_side_comment.jpg</path><description/></file><file><name>files_soyblog_img_blog_side_newentry.jpg</name><path>/files/soyblog/img/blog_side_newentry.jpg</path><description/></file><file><name>files_soyblog_img_blog_side_search.jpg</name><path>/files/soyblog/img/blog_side_search.jpg</path><description/></file><file><name>files_soyblog_img_blog_side_trackback.jpg</name><path>/files/soyblog/img/blog_side_trackback.jpg</path><description/></file><file><name>files_soyblog_img_blog_tb_bg.jpg</name><path>/files/soyblog/img/blog_tb_bg.jpg</path><description/></file><file><name>files_soyblog_img_h3_bg.jpg</name><path>/files/soyblog/img/h3_bg.jpg</path><description/></file><file><name>files_soyblog_img_icon_side_cart.jpg</name><path>/files/soyblog/img/icon_side_cart.jpg</path><description/></file><file><name>files_soyblog_img_icon_side_category.jpg</name><path>/files/soyblog/img/icon_side_category.jpg</path><description/></file><file><name>files_soyblog_img_icon_side_comment.jpg</name><path>/files/soyblog/img/icon_side_comment.jpg</path><description/></file><file><name>files_soyblog_img_logo.jpg</name><path>/files/soyblog/img/logo.jpg</path><description/></file><file><name>files_soyblog_img_navi_bg.jpg</name><path>/files/soyblog/img/navi_bg.jpg</path><description/></file><file><name>files_soyblog_img_navi_separate.jpg</name><path>/files/soyblog/img/navi_separate.jpg</path><description/></file><file><name>files_soyblog_img_pagetitle_h3.jpg</name><path>/files/soyblog/img/pagetitle_h3.jpg</path><description/></file><file><name>files_soyblog_img_sideBox2_bg.jpg</name><path>/files/soyblog/img/sideBox2_bg.jpg</path><description/></file><file><name>files_soyblog_img_sideBox2_bg_btm.jpg</name><path>/files/soyblog/img/sideBox2_bg_btm.jpg</path><description/></file><file><name>files_soyblog_img_sideBox_bg.jpg</name><path>/files/soyblog/img/sideBox_bg.jpg</path><description/></file><file><name>files_soyblog_img_sideBox_bg_btm.jpg</name><path>/files/soyblog/img/sideBox_bg_btm.jpg</path><description/></file><file><name>files_soyblog_img_sideCart_bg.jpg</name><path>/files/soyblog/img/sideCart_bg.jpg</path><description/></file><file><name>files_soyblog_img_sideCart_bg_btm.jpg</name><path>/files/soyblog/img/sideCart_bg_btm.jpg</path><description/></file><file><name>files_soyblog_img_side_FD.jpg</name><path>/files/soyblog/img/side_FD.jpg</path><description/></file><file><name>files_soyblog_img_side_calender.jpg</name><path>/files/soyblog/img/side_calender.jpg</path><description/></file><file><name>files_soyblog_img_side_search_btn.jpg</name><path>/files/soyblog/img/side_search_btn.jpg</path><description/></file><file><name>files_soyblog_img_side_soyapp.jpg</name><path>/files/soyblog/img/side_soyapp.jpg</path><description/></file><file><name>files_soyblog_img_side_soycms.jpg</name><path>/files/soyblog/img/side_soycms.jpg</path><description/></file><file><name>files_soyblog_img_soyapp_banner.jpg</name><path>/files/soyblog/img/soyapp_banner.jpg</path><description/></file><file><name>files_soyblog_img_icon_Thumbs.db</name><path>/files/soyblog/img/icon/Thumbs.db</path><description/></file><file><name>files_soyblog_img_icon_icon_rss01.png</name><path>/files/soyblog/img/icon/icon_rss01.png</path><description/></file><file><name>files_soyblog_img_icon_icon_rss02.png</name><path>/files/soyblog/img/icon/icon_rss02.png</path><description/></file><file><name>files_soyblog_img_icon_icon_rss03.png</name><path>/files/soyblog/img/icon/icon_rss03.png</path><description/></file><file><name>files_soyblog_img_icon_icon_rss04.png</name><path>/files/soyblog/img/icon/icon_rss04.png</path><description/></file><file><name>files_soyblog_img_icon_icon_rss05.png</name><path>/files/soyblog/img/icon/icon_rss05.png</path><description/></file><file><name>files_soyblog_img_icon_icon_rss06.png</name><path>/files/soyblog/img/icon/icon_rss06.png</path><description/></file><file><name>files_soyblog_img_icon_icon_rss07.png</name><path>/files/soyblog/img/icon/icon_rss07.png</path><description/></file></files><templates><template><id>top</id><name>トップページ</name><description/></template><template><id>entry</id><name>記事ページ</name><description/></template><template><id>archive</id><name>アーカイブページ</name><description/></template></templates><active>1</active></soycms>
