{
  "softbank" : {
    "1" : {
      "softbank" : "1",
      "docomo" : "140",
      "ezweb" : "80"
    },
    "2" : {
      "softbank" : "2",
      "docomo" : "140",
      "ezweb" : "50"
    },
    "3" : {
      "softbank" : "3",
      "docomo" : "149",
      "ezweb" : "273"
    },
    "4" : {
      "softbank" : "4",
      "docomo" : "140",
      "ezweb" : "80"
    },
    "5" : {
      "softbank" : "5",
      "docomo" : "140",
      "ezweb" : "50"
    },
    "6" : {
      "softbank" : "6",
      "docomo" : "1003",
      "ezweb" : "335"
    },
    "7" : {
      "softbank" : "7",
      "docomo" : "92",
      "ezweb" : "336"
    },
    "8" : {
      "softbank" : "8",
      "docomo" : "68",
      "ezweb" : "94"
    },
    "9" : {
      "softbank" : "9",
      "docomo" : "74",
      "ezweb" : "85"
    },
    "10" : {
      "softbank" : "10",
      "docomo" : "75",
      "ezweb" : "161"
    },
    "11" : {
      "softbank" : "11",
      "docomo" : "107",
      "ezweb" : "166"
    },
    "12" : {
      "softbank" : "12",
      "docomo" : "1011",
      "ezweb" : "337"
    },
    "13" : {
      "softbank" : "13",
      "docomo" : "153",
      "ezweb" : "281"
    },
    "14" : {
      "softbank" : "14",
      "docomo" : "1028",
      "ezweb" : "287"
    },
    "15" : {
      "softbank" : "15",
      "docomo" : "\u3013",
      "ezweb" : "284"
    },
    "16" : {
      "softbank" : "16",
      "docomo" : "86",
      "ezweb" : "817"
    },
    "17" : {
      "softbank" : "17",
      "docomo" : "87",
      "ezweb" : "319"
    },
    "18" : {
      "softbank" : "18",
      "docomo" : "88",
      "ezweb" : "320"
    },
    "19" : {
      "softbank" : "19",
      "docomo" : "26",
      "ezweb" : "421"
    },
    "20" : {
      "softbank" : "20",
      "docomo" : "23",
      "ezweb" : "306"
    },
    "21" : {
      "softbank" : "21",
      "docomo" : "24",
      "ezweb" : "220"
    },
    "22" : {
      "softbank" : "22",
      "docomo" : "22",
      "ezweb" : "45"
    },
    "23" : {
      "softbank" : "23",
      "docomo" : "1007",
      "ezweb" : "751"
    },
    "24" : {
      "softbank" : "24",
      "docomo" : "25",
      "ezweb" : "219"
    },
    "25" : {
      "softbank" : "25",
      "docomo" : "1070",
      "ezweb" : "203"
    },
    "26" : {
      "softbank" : "26",
      "docomo" : "1073",
      "ezweb" : "248"
    },
    "27" : {
      "softbank" : "27",
      "docomo" : "33",
      "ezweb" : "125"
    },
    "28" : {
      "softbank" : "28",
      "docomo" : "102",
      "ezweb" : "169"
    },
    "29" : {
      "softbank" : "29",
      "docomo" : "37",
      "ezweb" : "168"
    },
    "30" : {
      "softbank" : "30",
      "docomo" : "30",
      "ezweb" : "172"
    },
    "31" : {
      "softbank" : "31",
      "docomo" : "32",
      "ezweb" : "217"
    },
    "32" : {
      "softbank" : "32",
      "docomo" : "[?]",
      "ezweb" : "3"
    },
    "33" : {
      "softbank" : "33",
      "docomo" : "158",
      "ezweb" : "2"
    },
    "34" : {
      "softbank" : "34",
      "docomo" : "136",
      "ezweb" : "51"
    },
    "35" : {
      "softbank" : "35",
      "docomo" : "138",
      "ezweb" : "265"
    },
    "36" : {
      "softbank" : "36",
      "docomo" : "176",
      "ezweb" : "46"
    },
    "37" : {
      "softbank" : "37",
      "docomo" : "176",
      "ezweb" : "46"
    },
    "38" : {
      "softbank" : "38",
      "docomo" : "176",
      "ezweb" : "46"
    },
    "39" : {
      "softbank" : "39",
      "docomo" : "176",
      "ezweb" : "46"
    },
    "40" : {
      "softbank" : "40",
      "docomo" : "176",
      "ezweb" : "46"
    },
    "41" : {
      "softbank" : "41",
      "docomo" : "176",
      "ezweb" : "46"
    },
    "42" : {
      "softbank" : "42",
      "docomo" : "176",
      "ezweb" : "46"
    },
    "43" : {
      "softbank" : "43",
      "docomo" : "176",
      "ezweb" : "46"
    },
    "44" : {
      "softbank" : "44",
      "docomo" : "176",
      "ezweb" : "46"
    },
    "45" : {
      "softbank" : "45",
      "docomo" : "176",
      "ezweb" : "46"
    },
    "46" : {
      "softbank" : "46",
      "docomo" : "176",
      "ezweb" : "46"
    },
    "47" : {
      "softbank" : "47",
      "docomo" : "176",
      "ezweb" : "46"
    },
    "48" : {
      "softbank" : "48",
      "docomo" : "1061",
      "ezweb" : "235"
    },
    "49" : {
      "softbank" : "49",
      "docomo" : "1015",
      "ezweb" : "354"
    },
    "50" : {
      "softbank" : "50",
      "docomo" : "\u3013",
      "ezweb" : "339"
    },
    "51" : {
      "softbank" : "51",
      "docomo" : "103",
      "ezweb" : "234"
    },
    "52" : {
      "softbank" : "52",
      "docomo" : "1016",
      "ezweb" : "72"
    },
    "53" : {
      "softbank" : "53",
      "docomo" : "1016",
      "ezweb" : "72"
    },
    "54" : {
      "softbank" : "54",
      "docomo" : "38",
      "ezweb" : "112"
    },
    "55" : {
      "softbank" : "55",
      "docomo" : "\u3013",
      "ezweb" : "340"
    },
    "56" : {
      "softbank" : "56",
      "docomo" : "39",
      "ezweb" : "156"
    },
    "57" : {
      "softbank" : "57",
      "docomo" : "\u3013",
      "ezweb" : "795"
    },
    "58" : {
      "softbank" : "58",
      "docomo" : "46",
      "ezweb" : "213"
    },
    "59" : {
      "softbank" : "59",
      "docomo" : "1053",
      "ezweb" : "342"
    },
    "60" : {
      "softbank" : "60",
      "docomo" : "57",
      "ezweb" : "289"
    },
    "61" : {
      "softbank" : "61",
      "docomo" : "58",
      "ezweb" : "110"
    },
    "62" : {
      "softbank" : "62",
      "docomo" : "146",
      "ezweb" : "343"
    },
    "63" : {
      "softbank" : "63",
      "docomo" : "116",
      "ezweb" : "120"
    },
    "64" : {
      "softbank" : "64",
      "docomo" : "\u3013",
      "ezweb" : "\u3013"
    },
    "65" : {
      "softbank" : "65",
      "docomo" : "\u3013",
      "ezweb" : "292"
    },
    "66" : {
      "softbank" : "66",
      "docomo" : "\u3013",
      "ezweb" : "469"
    },
    "67" : {
      "softbank" : "67",
      "docomo" : "50",
      "ezweb" : "146"
    },
    "68" : {
      "softbank" : "68",
      "docomo" : "52",
      "ezweb" : "52"
    },
    "69" : {
      "softbank" : "69",
      "docomo" : "51",
      "ezweb" : "93"
    },
    "70" : {
      "softbank" : "70",
      "docomo" : "1063",
      "ezweb" : "239"
    },
    "71" : {
      "softbank" : "71",
      "docomo" : "53",
      "ezweb" : "65"
    },
    "72" : {
      "softbank" : "72",
      "docomo" : "4",
      "ezweb" : "191"
    },
    "73" : {
      "softbank" : "73",
      "docomo" : "2",
      "ezweb" : "107"
    },
    "74" : {
      "softbank" : "74",
      "docomo" : "1",
      "ezweb" : "44"
    },
    "75" : {
      "softbank" : "75",
      "docomo" : "3",
      "ezweb" : "95"
    },
    "76" : {
      "softbank" : "76",
      "docomo" : "98",
      "ezweb" : "15"
    },
    "77" : {
      "softbank" : "77",
      "docomo" : "1",
      "ezweb" : "493"
    },
    "78" : {
      "softbank" : "78",
      "docomo" : "\u3013",
      "ezweb" : "344"
    },
    "79" : {
      "softbank" : "79",
      "docomo" : "101",
      "ezweb" : "251"
    },
    "80" : {
      "softbank" : "80",
      "docomo" : "\u3013",
      "ezweb" : "345"
    },
    "81" : {
      "softbank" : "81",
      "docomo" : "\u3013",
      "ezweb" : "346"
    },
    "82" : {
      "softbank" : "82",
      "docomo" : "100",
      "ezweb" : "134"
    },
    "83" : {
      "softbank" : "83",
      "docomo" : "\u3013",
      "ezweb" : "347"
    },
    "84" : {
      "softbank" : "84",
      "docomo" : "\u3013",
      "ezweb" : "246"
    },
    "85" : {
      "softbank" : "85",
      "docomo" : "1069",
      "ezweb" : "252"
    },
    "86" : {
      "softbank" : "86",
      "docomo" : "140",
      "ezweb" : "454"
    },
    "87" : {
      "softbank" : "87",
      "docomo" : "140",
      "ezweb" : "257"
    },
    "88" : {
      "softbank" : "88",
      "docomo" : "142",
      "ezweb" : "444"
    },
    "89" : {
      "softbank" : "89",
      "docomo" : "141",
      "ezweb" : "258"
    },
    "90" : {
      "softbank" : "90",
      "docomo" : "\u3013",
      "ezweb" : "283"
    },
    "101" : {
      "softbank" : "101",
      "docomo" : "40",
      "ezweb" : "129"
    },
    "102" : {
      "softbank" : "102",
      "docomo" : "40",
      "ezweb" : "129"
    },
    "103" : {
      "softbank" : "103",
      "docomo" : "106",
      "ezweb" : "784"
    },
    "104" : {
      "softbank" : "104",
      "docomo" : "105",
      "ezweb" : "513"
    },
    "105" : {
      "softbank" : "105",
      "docomo" : "1029",
      "ezweb" : "264"
    },
    "106" : {
      "softbank" : "106",
      "docomo" : "1027",
      "ezweb" : "349"
    },
    "107" : {
      "softbank" : "107",
      "docomo" : "1076",
      "ezweb" : "350"
    },
    "108" : {
      "softbank" : "108",
      "docomo" : "1024",
      "ezweb" : "351"
    },
    "109" : {
      "softbank" : "109",
      "docomo" : "\u3013",
      "ezweb" : "249"
    },
    "110" : {
      "softbank" : "110",
      "docomo" : "\u3013",
      "ezweb" : "352"
    },
    "111" : {
      "softbank" : "111",
      "docomo" : "1074",
      "ezweb" : "254"
    },
    "112" : {
      "softbank" : "112",
      "docomo" : "\u3013",
      "ezweb" : "274"
    },
    "113" : {
      "softbank" : "113",
      "docomo" : "\u3013",
      "ezweb" : "353"
    },
    "114" : {
      "softbank" : "114",
      "docomo" : "1015",
      "ezweb" : "354"
    },
    "115" : {
      "softbank" : "115",
      "docomo" : "151",
      "ezweb" : "77"
    },
    "116" : {
      "softbank" : "116",
      "docomo" : "1054",
      "ezweb" : "53"
    },
    "117" : {
      "softbank" : "117",
      "docomo" : "149",
      "ezweb" : "355"
    },
    "118" : {
      "softbank" : "118",
      "docomo" : "72",
      "ezweb" : "144"
    },
    "119" : {
      "softbank" : "119",
      "docomo" : "\u3013",
      "ezweb" : "296"
    },
    "120" : {
      "softbank" : "120",
      "docomo" : "119",
      "ezweb" : "119"
    },
    "121" : {
      "softbank" : "121",
      "docomo" : "1040",
      "ezweb" : "218"
    },
    "122" : {
      "softbank" : "122",
      "docomo" : "\u3013",
      "ezweb" : "356"
    },
    "123" : {
      "softbank" : "123",
      "docomo" : "\u3013",
      "ezweb" : "357"
    },
    "124" : {
      "softbank" : "124",
      "docomo" : "1060",
      "ezweb" : "133"
    },
    "125" : {
      "softbank" : "125",
      "docomo" : "\u3013",
      "ezweb" : "358"
    },
    "126" : {
      "softbank" : "126",
      "docomo" : "\u3013",
      "ezweb" : "277"
    },
    "127" : {
      "softbank" : "127",
      "docomo" : "\u3013",
      "ezweb" : "236"
    },
    "128" : {
      "softbank" : "128",
      "docomo" : "\u3013",
      "ezweb" : "286"
    },
    "129" : {
      "softbank" : "129",
      "docomo" : "\u3013",
      "ezweb" : "269"
    },
    "130" : {
      "softbank" : "130",
      "docomo" : "69",
      "ezweb" : "359"
    },
    "131" : {
      "softbank" : "131",
      "docomo" : "171",
      "ezweb" : "\u3013"
    },
    "132" : {
      "softbank" : "132",
      "docomo" : "54",
      "ezweb" : "245"
    },
    "133" : {
      "softbank" : "133",
      "docomo" : "\u3013",
      "ezweb" : "360"
    },
    "134" : {
      "softbank" : "134",
      "docomo" : "\u3013",
      "ezweb" : "361"
    },
    "135" : {
      "softbank" : "135",
      "docomo" : "147",
      "ezweb" : "224"
    },
    "136" : {
      "softbank" : "136",
      "docomo" : "\u3013",
      "ezweb" : "223"
    },
    "137" : {
      "softbank" : "137",
      "docomo" : "65",
      "ezweb" : "106"
    },
    "138" : {
      "softbank" : "138",
      "docomo" : "79",
      "ezweb" : "300"
    },
    "139" : {
      "softbank" : "139",
      "docomo" : "79",
      "ezweb" : "300"
    },
    "140" : {
      "softbank" : "140",
      "docomo" : "\u3013",
      "ezweb" : "338"
    },
    "141" : {
      "softbank" : "141",
      "docomo" : "\u3013",
      "ezweb" : "115"
    },
    "142" : {
      "softbank" : "142",
      "docomo" : "77",
      "ezweb" : "288"
    },
    "143" : {
      "softbank" : "143",
      "docomo" : "\u3013",
      "ezweb" : "274"
    },
    "144" : {
      "softbank" : "144",
      "docomo" : "\u3013",
      "ezweb" : "\u3013"
    },
    "145" : {
      "softbank" : "145",
      "docomo" : "\u3013",
      "ezweb" : "362"
    },
    "146" : {
      "softbank" : "146",
      "docomo" : "[VS]",
      "ezweb" : "363"
    },
    "147" : {
      "softbank" : "147",
      "docomo" : "1010",
      "ezweb" : "233"
    },
    "148" : {
      "softbank" : "148",
      "docomo" : "\u3013",
      "ezweb" : "231"
    },
    "149" : {
      "softbank" : "149",
      "docomo" : "\u3013",
      "ezweb" : "364"
    },
    "150" : {
      "softbank" : "150",
      "docomo" : "28",
      "ezweb" : "222"
    },
    "151" : {
      "softbank" : "151",
      "docomo" : "[777]",
      "ezweb" : "229"
    },
    "152" : {
      "softbank" : "152",
      "docomo" : "1073",
      "ezweb" : "248"
    },
    "153" : {
      "softbank" : "153",
      "docomo" : "102",
      "ezweb" : "169"
    },
    "154" : {
      "softbank" : "154",
      "docomo" : "1018",
      "ezweb" : "215"
    },
    "155" : {
      "softbank" : "155",
      "docomo" : "\u3013",
      "ezweb" : "368"
    },
    "156" : {
      "softbank" : "156",
      "docomo" : "[\u2642]",
      "ezweb" : "[\u2642]"
    },
    "157" : {
      "softbank" : "157",
      "docomo" : "[\u2640]",
      "ezweb" : "[\u2640]"
    },
    "158" : {
      "softbank" : "158",
      "docomo" : "\u3013",
      "ezweb" : "710"
    },
    "159" : {
      "softbank" : "159",
      "docomo" : "\u3013",
      "ezweb" : "304"
    },
    "160" : {
      "softbank" : "160",
      "docomo" : "157",
      "ezweb" : "261"
    },
    "161" : {
      "softbank" : "161",
      "docomo" : "5",
      "ezweb" : "16"
    },
    "162" : {
      "softbank" : "162",
      "docomo" : "55",
      "ezweb" : "124"
    },
    "163" : {
      "softbank" : "163",
      "docomo" : "147",
      "ezweb" : "369"
    },
    "164" : {
      "softbank" : "164",
      "docomo" : "49",
      "ezweb" : "207"
    },
    "165" : {
      "softbank" : "165",
      "docomo" : "\u3013",
      "ezweb" : "13"
    },
    "166" : {
      "softbank" : "166",
      "docomo" : "\u3013",
      "ezweb" : "13"
    },
    "167" : {
      "softbank" : "167",
      "docomo" : "\u3013",
      "ezweb" : "370"
    },
    "168" : {
      "softbank" : "168",
      "docomo" : "116",
      "ezweb" : "138"
    },
    "169" : {
      "softbank" : "169",
      "docomo" : "116",
      "ezweb" : "138"
    },
    "170" : {
      "softbank" : "170",
      "docomo" : "\u3013",
      "ezweb" : "371"
    },
    "171" : {
      "softbank" : "171",
      "docomo" : "\u3013",
      "ezweb" : "240"
    },
    "172" : {
      "softbank" : "172",
      "docomo" : "70",
      "ezweb" : "122"
    },
    "173" : {
      "softbank" : "173",
      "docomo" : "[$\\]",
      "ezweb" : "[$\\]"
    },
    "174" : {
      "softbank" : "174",
      "docomo" : "\u3013",
      "ezweb" : "373"
    },
    "175" : {
      "softbank" : "175",
      "docomo" : "\u3013",
      "ezweb" : "210"
    },
    "176" : {
      "softbank" : "176",
      "docomo" : "\u3013",
      "ezweb" : "271"
    },
    "177" : {
      "softbank" : "177",
      "docomo" : "42",
      "ezweb" : "212"
    },
    "178" : {
      "softbank" : "178",
      "docomo" : "48",
      "ezweb" : "99"
    },
    "179" : {
      "softbank" : "179",
      "docomo" : "47",
      "ezweb" : "208"
    },
    "180" : {
      "softbank" : "180",
      "docomo" : "\u3013",
      "ezweb" : "209"
    },
    "181" : {
      "softbank" : "181",
      "docomo" : "49",
      "ezweb" : "207"
    },
    "182" : {
      "softbank" : "182",
      "docomo" : "\u3013",
      "ezweb" : "374"
    },
    "183" : {
      "softbank" : "183",
      "docomo" : "40",
      "ezweb" : "375"
    },
    "184" : {
      "softbank" : "184",
      "docomo" : "43",
      "ezweb" : "205"
    },
    "185" : {
      "softbank" : "185",
      "docomo" : "41",
      "ezweb" : "376"
    },
    "186" : {
      "softbank" : "186",
      "docomo" : "45",
      "ezweb" : "206"
    },
    "187" : {
      "softbank" : "187",
      "docomo" : "1051",
      "ezweb" : "377"
    },
    "188" : {
      "softbank" : "188",
      "docomo" : "44",
      "ezweb" : "378"
    },
    "189" : {
      "softbank" : "189",
      "docomo" : "35",
      "ezweb" : "216"
    },
    "190" : {
      "softbank" : "190",
      "docomo" : "33",
      "ezweb" : "125"
    },
    "201" : {
      "softbank" : "201",
      "docomo" : "1040",
      "ezweb" : "800"
    },
    "202" : {
      "softbank" : "202",
      "docomo" : "36",
      "ezweb" : "379"
    },
    "203" : {
      "softbank" : "203",
      "docomo" : "[\u30b3\u30b3]",
      "ezweb" : "[\u30b3\u30b3]"
    },
    "204" : {
      "softbank" : "204",
      "docomo" : "148",
      "ezweb" : "51"
    },
    "205" : {
      "softbank" : "205",
      "docomo" : "148",
      "ezweb" : "267"
    },
    "206" : {
      "softbank" : "206",
      "docomo" : "148",
      "ezweb" : "28"
    },
    "207" : {
      "softbank" : "207",
      "docomo" : "\u3013",
      "ezweb" : "380"
    },
    "208" : {
      "softbank" : "208",
      "docomo" : "67",
      "ezweb" : "177"
    },
    "209" : {
      "softbank" : "209",
      "docomo" : "\u3013",
      "ezweb" : "179"
    },
    "210" : {
      "softbank" : "210",
      "docomo" : "94",
      "ezweb" : "178"
    },
    "211" : {
      "softbank" : "211",
      "docomo" : "\u3013",
      "ezweb" : "381"
    },
    "212" : {
      "softbank" : "212",
      "docomo" : "80",
      "ezweb" : "414"
    },
    "213" : {
      "softbank" : "213",
      "docomo" : "82",
      "ezweb" : "315"
    },
    "214" : {
      "softbank" : "214",
      "docomo" : "81",
      "ezweb" : "314"
    },
    "215" : {
      "softbank" : "215",
      "docomo" : "83",
      "ezweb" : "316"
    },
    "216" : {
      "softbank" : "216",
      "docomo" : "123",
      "ezweb" : "818"
    },
    "217" : {
      "softbank" : "217",
      "docomo" : "122",
      "ezweb" : "\u3013"
    },
    "218" : {
      "softbank" : "218",
      "docomo" : "120",
      "ezweb" : "334"
    },
    "219" : {
      "softbank" : "219",
      "docomo" : "[UP]",
      "ezweb" : "303"
    },
    "220" : {
      "softbank" : "220",
      "docomo" : "[COOL]",
      "ezweb" : "382"
    },
    "221" : {
      "softbank" : "221",
      "docomo" : "[\u6709]",
      "ezweb" : "[\u6709]"
    },
    "222" : {
      "softbank" : "222",
      "docomo" : "[\u7121]",
      "ezweb" : "[\u7121]"
    },
    "223" : {
      "softbank" : "223",
      "docomo" : "[\u6708]",
      "ezweb" : "[\u6708]"
    },
    "224" : {
      "softbank" : "224",
      "docomo" : "[\u7533\\]",
      "ezweb" : "[\u7533\\]"
    },
    "225" : {
      "softbank" : "225",
      "docomo" : "95",
      "ezweb" : "40"
    },
    "226" : {
      "softbank" : "226",
      "docomo" : "95",
      "ezweb" : "41"
    },
    "227" : {
      "softbank" : "227",
      "docomo" : "95",
      "ezweb" : "41"
    },
    "228" : {
      "softbank" : "228",
      "docomo" : "125",
      "ezweb" : "180"
    },
    "229" : {
      "softbank" : "229",
      "docomo" : "126",
      "ezweb" : "181"
    },
    "230" : {
      "softbank" : "230",
      "docomo" : "127",
      "ezweb" : "182"
    },
    "231" : {
      "softbank" : "231",
      "docomo" : "128",
      "ezweb" : "183"
    },
    "232" : {
      "softbank" : "232",
      "docomo" : "129",
      "ezweb" : "184"
    },
    "233" : {
      "softbank" : "233",
      "docomo" : "130",
      "ezweb" : "185"
    },
    "234" : {
      "softbank" : "234",
      "docomo" : "131",
      "ezweb" : "186"
    },
    "235" : {
      "softbank" : "235",
      "docomo" : "132",
      "ezweb" : "187"
    },
    "236" : {
      "softbank" : "236",
      "docomo" : "133",
      "ezweb" : "188"
    },
    "237" : {
      "softbank" : "237",
      "docomo" : "134",
      "ezweb" : "325"
    },
    "238" : {
      "softbank" : "238",
      "docomo" : "[\u5f97]",
      "ezweb" : "285"
    },
    "239" : {
      "softbank" : "239",
      "docomo" : "[\u5272]",
      "ezweb" : "383"
    },
    "240" : {
      "softbank" : "240",
      "docomo" : "[\u30b5]",
      "ezweb" : "384"
    },
    "241" : {
      "softbank" : "241",
      "docomo" : "115",
      "ezweb" : "385"
    },
    "242" : {
      "softbank" : "242",
      "docomo" : "1048",
      "ezweb" : "386"
    },
    "243" : {
      "softbank" : "243",
      "docomo" : "1046",
      "ezweb" : "387"
    },
    "244" : {
      "softbank" : "244",
      "docomo" : "[\u6307]",
      "ezweb" : "388"
    },
    "245" : {
      "softbank" : "245",
      "docomo" : "[\u55b6]",
      "ezweb" : "389"
    },
    "246" : {
      "softbank" : "246",
      "docomo" : "[\u2191]",
      "ezweb" : "390"
    },
    "247" : {
      "softbank" : "247",
      "docomo" : "[\u2193]",
      "ezweb" : "391"
    },
    "248" : {
      "softbank" : "248",
      "docomo" : "[\u2190]",
      "ezweb" : "140"
    },
    "249" : {
      "softbank" : "249",
      "docomo" : "[\u2192]",
      "ezweb" : "141"
    },
    "250" : {
      "softbank" : "250",
      "docomo" : "[\u2191]",
      "ezweb" : "29"
    },
    "251" : {
      "softbank" : "251",
      "docomo" : "[\u2193]",
      "ezweb" : "30"
    },
    "252" : {
      "softbank" : "252",
      "docomo" : "[\u2192]",
      "ezweb" : "63"
    },
    "253" : {
      "softbank" : "253",
      "docomo" : "[\u2190]",
      "ezweb" : "64"
    },
    "254" : {
      "softbank" : "254",
      "docomo" : "59",
      "ezweb" : "70"
    },
    "255" : {
      "softbank" : "255",
      "docomo" : "90",
      "ezweb" : "42"
    },
    "256" : {
      "softbank" : "256",
      "docomo" : "89",
      "ezweb" : "43"
    },
    "257" : {
      "softbank" : "257",
      "docomo" : "104",
      "ezweb" : "71"
    },
    "258" : {
      "softbank" : "258",
      "docomo" : "[>]",
      "ezweb" : "6"
    },
    "259" : {
      "softbank" : "259",
      "docomo" : "[<]",
      "ezweb" : "5"
    },
    "260" : {
      "softbank" : "260",
      "docomo" : "[>>]",
      "ezweb" : "8"
    },
    "261" : {
      "softbank" : "261",
      "docomo" : "[<<]",
      "ezweb" : "7"
    },
    "262" : {
      "softbank" : "262",
      "docomo" : "\u3013",
      "ezweb" : "392"
    },
    "263" : {
      "softbank" : "263",
      "docomo" : "9",
      "ezweb" : "192"
    },
    "264" : {
      "softbank" : "264",
      "docomo" : "10",
      "ezweb" : "193"
    },
    "265" : {
      "softbank" : "265",
      "docomo" : "11",
      "ezweb" : "194"
    },
    "266" : {
      "softbank" : "266",
      "docomo" : "12",
      "ezweb" : "195"
    },
    "267" : {
      "softbank" : "267",
      "docomo" : "13",
      "ezweb" : "196"
    },
    "268" : {
      "softbank" : "268",
      "docomo" : "14",
      "ezweb" : "197"
    },
    "269" : {
      "softbank" : "269",
      "docomo" : "15",
      "ezweb" : "198"
    },
    "270" : {
      "softbank" : "270",
      "docomo" : "16",
      "ezweb" : "199"
    },
    "271" : {
      "softbank" : "271",
      "docomo" : "17",
      "ezweb" : "200"
    },
    "272" : {
      "softbank" : "272",
      "docomo" : "18",
      "ezweb" : "201"
    },
    "273" : {
      "softbank" : "273",
      "docomo" : "19",
      "ezweb" : "202"
    },
    "274" : {
      "softbank" : "274",
      "docomo" : "20",
      "ezweb" : "203"
    },
    "275" : {
      "softbank" : "275",
      "docomo" : "\u3013",
      "ezweb" : "204"
    },
    "276" : {
      "softbank" : "276",
      "docomo" : "[TOP]",
      "ezweb" : "[TOP]"
    },
    "277" : {
      "softbank" : "277",
      "docomo" : "135",
      "ezweb" : "326"
    },
    "278" : {
      "softbank" : "278",
      "docomo" : "1038",
      "ezweb" : "81"
    },
    "279" : {
      "softbank" : "279",
      "docomo" : "1043",
      "ezweb" : "82"
    },
    "280" : {
      "softbank" : "280",
      "docomo" : "\u3013",
      "ezweb" : "393"
    },
    "281" : {
      "softbank" : "281",
      "docomo" : "\u3013",
      "ezweb" : "394"
    },
    "282" : {
      "softbank" : "282",
      "docomo" : "1044",
      "ezweb" : "1"
    },
    "283" : {
      "softbank" : "283",
      "docomo" : "\u3013",
      "ezweb" : "\u3013"
    },
    "284" : {
      "softbank" : "284",
      "docomo" : "\u3013",
      "ezweb" : "\u3013"
    },
    "285" : {
      "softbank" : "285",
      "docomo" : "\u3013",
      "ezweb" : "\u3013"
    },
    "286" : {
      "softbank" : "286",
      "docomo" : "\u3013",
      "ezweb" : "\u3013"
    },
    "287" : {
      "softbank" : "287",
      "docomo" : "\u3013",
      "ezweb" : "\u3013"
    },
    "288" : {
      "softbank" : "288",
      "docomo" : "\u3013",
      "ezweb" : "\u3013"
    },
    "289" : {
      "softbank" : "289",
      "docomo" : "\u3013",
      "ezweb" : "\u3013"
    },
    "290" : {
      "softbank" : "290",
      "docomo" : "\u3013",
      "ezweb" : "\u3013"
    },
    "301" : {
      "softbank" : "301",
      "docomo" : "76",
      "ezweb" : "395"
    },
    "302" : {
      "softbank" : "302",
      "docomo" : "\u3013",
      "ezweb" : "396"
    },
    "303" : {
      "softbank" : "303",
      "docomo" : "\u3013",
      "ezweb" : "397"
    },
    "304" : {
      "softbank" : "304",
      "docomo" : "1056",
      "ezweb" : "113"
    },
    "305" : {
      "softbank" : "305",
      "docomo" : "\u3013",
      "ezweb" : "256"
    },
    "306" : {
      "softbank" : "306",
      "docomo" : "\u3013",
      "ezweb" : "398"
    },
    "307" : {
      "softbank" : "307",
      "docomo" : "\u3013",
      "ezweb" : "255"
    },
    "308" : {
      "softbank" : "308",
      "docomo" : "\u3013",
      "ezweb" : "399"
    },
    "309" : {
      "softbank" : "309",
      "docomo" : "[WC]",
      "ezweb" : "[WC]"
    },
    "310" : {
      "softbank" : "310",
      "docomo" : "61",
      "ezweb" : "294"
    },
    "311" : {
      "softbank" : "311",
      "docomo" : "1064",
      "ezweb" : "400"
    },
    "312" : {
      "softbank" : "312",
      "docomo" : "53",
      "ezweb" : "401"
    },
    "313" : {
      "softbank" : "313",
      "docomo" : "[\u795d]",
      "ezweb" : "402"
    },
    "314" : {
      "softbank" : "314",
      "docomo" : "66",
      "ezweb" : "176"
    },
    "315" : {
      "softbank" : "315",
      "docomo" : "\u3013",
      "ezweb" : "403"
    },
    "316" : {
      "softbank" : "316",
      "docomo" : "\u3013",
      "ezweb" : "404"
    },
    "317" : {
      "softbank" : "317",
      "docomo" : "154",
      "ezweb" : "268"
    },
    "318" : {
      "softbank" : "318",
      "docomo" : "\u3013",
      "ezweb" : "405"
    },
    "319" : {
      "softbank" : "319",
      "docomo" : "56",
      "ezweb" : "104"
    },
    "320" : {
      "softbank" : "320",
      "docomo" : "71",
      "ezweb" : "312"
    },
    "321" : {
      "softbank" : "321",
      "docomo" : "1041",
      "ezweb" : "279"
    },
    "322" : {
      "softbank" : "322",
      "docomo" : "\u3013",
      "ezweb" : "126"
    },
    "323" : {
      "softbank" : "323",
      "docomo" : "\u3013",
      "ezweb" : "13"
    },
    "324" : {
      "softbank" : "324",
      "docomo" : "\u3013",
      "ezweb" : "407"
    },
    "325" : {
      "softbank" : "325",
      "docomo" : "\u3013",
      "ezweb" : "793"
    },
    "326" : {
      "softbank" : "326",
      "docomo" : "55",
      "ezweb" : "124"
    },
    "327" : {
      "softbank" : "327",
      "docomo" : "\u3013",
      "ezweb" : "408"
    },
    "328" : {
      "softbank" : "328",
      "docomo" : "1005",
      "ezweb" : "295"
    },
    "329" : {
      "softbank" : "329",
      "docomo" : "\u3013",
      "ezweb" : "409"
    },
    "330" : {
      "softbank" : "330",
      "docomo" : "\u3013",
      "ezweb" : "297"
    },
    "331" : {
      "softbank" : "331",
      "docomo" : "56",
      "ezweb" : "410"
    },
    "332" : {
      "softbank" : "332",
      "docomo" : "\u3013",
      "ezweb" : "411"
    },
    "333" : {
      "softbank" : "333",
      "docomo" : "\u3013",
      "ezweb" : "412"
    },
    "334" : {
      "softbank" : "334",
      "docomo" : "\u3013",
      "ezweb" : "413"
    },
    "335" : {
      "softbank" : "335",
      "docomo" : "69",
      "ezweb" : "83"
    },
    "336" : {
      "softbank" : "336",
      "docomo" : "167",
      "ezweb" : "226"
    },
    "337" : {
      "softbank" : "337",
      "docomo" : "1008",
      "ezweb" : "48"
    },
    "338" : {
      "softbank" : "338",
      "docomo" : "155",
      "ezweb" : "291"
    },
    "339" : {
      "softbank" : "339",
      "docomo" : "136",
      "ezweb" : "415"
    },
    "340" : {
      "softbank" : "340",
      "docomo" : "137",
      "ezweb" : "803"
    },
    "341" : {
      "softbank" : "341",
      "docomo" : "136",
      "ezweb" : "272"
    },
    "342" : {
      "softbank" : "342",
      "docomo" : "136",
      "ezweb" : "416"
    },
    "343" : {
      "softbank" : "343",
      "docomo" : "136",
      "ezweb" : "417"
    },
    "344" : {
      "softbank" : "344",
      "docomo" : "136",
      "ezweb" : "418"
    },
    "345" : {
      "softbank" : "345",
      "docomo" : "136",
      "ezweb" : "419"
    },
    "346" : {
      "softbank" : "346",
      "docomo" : "150",
      "ezweb" : "420"
    },
    "347" : {
      "softbank" : "347",
      "docomo" : "[\u2606]",
      "ezweb" : "69"
    },
    "348" : {
      "softbank" : "348",
      "docomo" : "164",
      "ezweb" : "282"
    },
    "349" : {
      "softbank" : "349",
      "docomo" : "162",
      "ezweb" : "330"
    },
    "350" : {
      "softbank" : "350",
      "docomo" : "99",
      "ezweb" : "422"
    },
    "351" : {
      "softbank" : "351",
      "docomo" : "[\u00d7]",
      "ezweb" : "61"
    },
    "352" : {
      "softbank" : "352",
      "docomo" : "152",
      "ezweb" : "262"
    },
    "353" : {
      "softbank" : "353",
      "docomo" : "[\u2606]",
      "ezweb" : "69"
    },
    "354" : {
      "softbank" : "354",
      "docomo" : "[?]",
      "ezweb" : "3"
    },
    "355" : {
      "softbank" : "355",
      "docomo" : "158",
      "ezweb" : "2"
    },
    "356" : {
      "softbank" : "356",
      "docomo" : "1019",
      "ezweb" : "423"
    },
    "357" : {
      "softbank" : "357",
      "docomo" : "1066",
      "ezweb" : "424"
    },
    "358" : {
      "softbank" : "358",
      "docomo" : "\u3013",
      "ezweb" : "425"
    },
    "359" : {
      "softbank" : "359",
      "docomo" : "\u3013",
      "ezweb" : "426"
    },
    "360" : {
      "softbank" : "360",
      "docomo" : "\u3013",
      "ezweb" : "427"
    },
    "361" : {
      "softbank" : "361",
      "docomo" : "\u3013",
      "ezweb" : "428"
    },
    "362" : {
      "softbank" : "362",
      "docomo" : "1065",
      "ezweb" : "429"
    },
    "363" : {
      "softbank" : "363",
      "docomo" : "\u3013",
      "ezweb" : "430"
    },
    "364" : {
      "softbank" : "364",
      "docomo" : "1065",
      "ezweb" : "333"
    },
    "365" : {
      "softbank" : "365",
      "docomo" : "\u3013",
      "ezweb" : "431"
    },
    "366" : {
      "softbank" : "366",
      "docomo" : "1062",
      "ezweb" : "244"
    },
    "367" : {
      "softbank" : "367",
      "docomo" : "\u3013",
      "ezweb" : "432"
    },
    "368" : {
      "softbank" : "368",
      "docomo" : "\u3013",
      "ezweb" : "433"
    },
    "369" : {
      "softbank" : "369",
      "docomo" : "1058",
      "ezweb" : "434"
    },
    "370" : {
      "softbank" : "370",
      "docomo" : "\u3013",
      "ezweb" : "435"
    },
    "371" : {
      "softbank" : "371",
      "docomo" : "\u3013",
      "ezweb" : "243"
    },
    "372" : {
      "softbank" : "372",
      "docomo" : "\u3013",
      "ezweb" : "238"
    },
    "373" : {
      "softbank" : "373",
      "docomo" : "\u3013",
      "ezweb" : "436"
    },
    "374" : {
      "softbank" : "374",
      "docomo" : "\u3013",
      "ezweb" : "437"
    },
    "375" : {
      "softbank" : "375",
      "docomo" : "73",
      "ezweb" : "313"
    },
    "376" : {
      "softbank" : "376",
      "docomo" : "\u3013",
      "ezweb" : "438"
    },
    "377" : {
      "softbank" : "377",
      "docomo" : "\u3013",
      "ezweb" : "439"
    },
    "401" : {
      "softbank" : "401",
      "docomo" : "1024",
      "ezweb" : "351"
    },
    "402" : {
      "softbank" : "402",
      "docomo" : "1033",
      "ezweb" : "440"
    },
    "403" : {
      "softbank" : "403",
      "docomo" : "1021",
      "ezweb" : "441"
    },
    "404" : {
      "softbank" : "404",
      "docomo" : "1072",
      "ezweb" : "442"
    },
    "405" : {
      "softbank" : "405",
      "docomo" : "1030",
      "ezweb" : "348"
    },
    "406" : {
      "softbank" : "406",
      "docomo" : "1032",
      "ezweb" : "443"
    },
    "407" : {
      "softbank" : "407",
      "docomo" : "143",
      "ezweb" : "444"
    },
    "408" : {
      "softbank" : "408",
      "docomo" : "157",
      "ezweb" : "445"
    },
    "409" : {
      "softbank" : "409",
      "docomo" : "1029",
      "ezweb" : "264"
    },
    "410" : {
      "softbank" : "410",
      "docomo" : "1022",
      "ezweb" : "446"
    },
    "411" : {
      "softbank" : "411",
      "docomo" : "1076",
      "ezweb" : "447"
    },
    "412" : {
      "softbank" : "412",
      "docomo" : "\u3013",
      "ezweb" : "448"
    },
    "413" : {
      "softbank" : "413",
      "docomo" : "1031",
      "ezweb" : "449"
    },
    "414" : {
      "softbank" : "414",
      "docomo" : "1026",
      "ezweb" : "450"
    },
    "415" : {
      "softbank" : "415",
      "docomo" : "1024",
      "ezweb" : "447"
    },
    "416" : {
      "softbank" : "416",
      "docomo" : "144",
      "ezweb" : "451"
    },
    "417" : {
      "softbank" : "417",
      "docomo" : "1034",
      "ezweb" : "259"
    },
    "418" : {
      "softbank" : "418",
      "docomo" : "140;1034",
      "ezweb" : "786"
    },
    "419" : {
      "softbank" : "419",
      "docomo" : "1035",
      "ezweb" : "791"
    },
    "420" : {
      "softbank" : "420",
      "docomo" : "140",
      "ezweb" : "454"
    },
    "421" : {
      "softbank" : "421",
      "docomo" : "140",
      "ezweb" : "257"
    },
    "422" : {
      "softbank" : "422",
      "docomo" : "1025",
      "ezweb" : "779"
    },
    "423" : {
      "softbank" : "423",
      "docomo" : "1027",
      "ezweb" : "455"
    },
    "424" : {
      "softbank" : "424",
      "docomo" : "1027",
      "ezweb" : "456"
    },
    "425" : {
      "softbank" : "425",
      "docomo" : "84",
      "ezweb" : "317"
    },
    "426" : {
      "softbank" : "426",
      "docomo" : "\u3013",
      "ezweb" : "457"
    },
    "427" : {
      "softbank" : "427",
      "docomo" : "85",
      "ezweb" : "318"
    },
    "428" : {
      "softbank" : "428",
      "docomo" : "149",
      "ezweb" : "458"
    },
    "429" : {
      "softbank" : "429",
      "docomo" : "\u3013",
      "ezweb" : "459"
    },
    "430" : {
      "softbank" : "430",
      "docomo" : "88",
      "ezweb" : "463"
    },
    "431" : {
      "softbank" : "431",
      "docomo" : "\u3013",
      "ezweb" : "460"
    },
    "432" : {
      "softbank" : "432",
      "docomo" : "135",
      "ezweb" : "461"
    },
    "433" : {
      "softbank" : "433",
      "docomo" : "156",
      "ezweb" : "462"
    },
    "434" : {
      "softbank" : "434",
      "docomo" : "88",
      "ezweb" : "463"
    },
    "435" : {
      "softbank" : "435",
      "docomo" : "1036",
      "ezweb" : "464"
    },
    "436" : {
      "softbank" : "436",
      "docomo" : "135",
      "ezweb" : "465"
    },
    "437" : {
      "softbank" : "437",
      "docomo" : "137",
      "ezweb" : "467"
    },
    "438" : {
      "softbank" : "438",
      "docomo" : "[m(_ _)m]",
      "ezweb" : "466"
    },
    "439" : {
      "softbank" : "439",
      "docomo" : "[\uff3c(^o^)\uff0f]",
      "ezweb" : "820"
    },
    "440" : {
      "softbank" : "440",
      "docomo" : "\u3013",
      "ezweb" : "\u3013"
    },
    "441" : {
      "softbank" : "441",
      "docomo" : "\u3013",
      "ezweb" : "468"
    },
    "442" : {
      "softbank" : "442",
      "docomo" : "27",
      "ezweb" : "307"
    },
    "443" : {
      "softbank" : "443",
      "docomo" : "\u3013",
      "ezweb" : "96"
    },
    "444" : {
      "softbank" : "444",
      "docomo" : "\u3013",
      "ezweb" : "470"
    },
    "445" : {
      "softbank" : "445",
      "docomo" : "\u3013",
      "ezweb" : "471"
    },
    "446" : {
      "softbank" : "446",
      "docomo" : "34",
      "ezweb" : "125"
    },
    "447" : {
      "softbank" : "447",
      "docomo" : "\u3013",
      "ezweb" : "148"
    },
    "448" : {
      "softbank" : "448",
      "docomo" : "\u3013",
      "ezweb" : "472"
    },
    "449" : {
      "softbank" : "449",
      "docomo" : "\u3013",
      "ezweb" : "473"
    },
    "450" : {
      "softbank" : "450",
      "docomo" : "\u3013",
      "ezweb" : "474"
    },
    "451" : {
      "softbank" : "451",
      "docomo" : "\u3013",
      "ezweb" : "475"
    },
    "452" : {
      "softbank" : "452",
      "docomo" : "31",
      "ezweb" : "341"
    },
    "453" : {
      "softbank" : "453",
      "docomo" : "32",
      "ezweb" : "217"
    },
    "454" : {
      "softbank" : "454",
      "docomo" : "\u3013",
      "ezweb" : "476"
    },
    "455" : {
      "softbank" : "455",
      "docomo" : "\u3013",
      "ezweb" : "770"
    },
    "456" : {
      "softbank" : "456",
      "docomo" : "\u3013",
      "ezweb" : "477"
    },
    "457" : {
      "softbank" : "457",
      "docomo" : "\u3013",
      "ezweb" : "478"
    },
    "458" : {
      "softbank" : "458",
      "docomo" : "\u3013",
      "ezweb" : "479"
    },
    "459" : {
      "softbank" : "459",
      "docomo" : "\u3013",
      "ezweb" : "480"
    },
    "460" : {
      "softbank" : "460",
      "docomo" : "8",
      "ezweb" : "481"
    },
    "461" : {
      "softbank" : "461",
      "docomo" : "\u3013",
      "ezweb" : "340"
    },
    "462" : {
      "softbank" : "462",
      "docomo" : "1052",
      "ezweb" : "810"
    },
    "463" : {
      "softbank" : "463",
      "docomo" : "\u3013",
      "ezweb" : "483"
    },
    "464" : {
      "softbank" : "464",
      "docomo" : "\u3013",
      "ezweb" : "484"
    },
    "465" : {
      "softbank" : "465",
      "docomo" : "\u3013",
      "ezweb" : "485"
    },
    "466" : {
      "softbank" : "466",
      "docomo" : "\u3013",
      "ezweb" : "486"
    },
    "467" : {
      "softbank" : "467",
      "docomo" : "6",
      "ezweb" : "190"
    },
    "468" : {
      "softbank" : "468",
      "docomo" : "\u3013",
      "ezweb" : "\u3013"
    },
    "469" : {
      "softbank" : "469",
      "docomo" : "\u3013",
      "ezweb" : "487"
    },
    "470" : {
      "softbank" : "470",
      "docomo" : "\u3013",
      "ezweb" : "488"
    },
    "471" : {
      "softbank" : "471",
      "docomo" : "\u3013",
      "ezweb" : "358"
    },
    "472" : {
      "softbank" : "472",
      "docomo" : "\u3013",
      "ezweb" : "489"
    },
    "473" : {
      "softbank" : "473",
      "docomo" : "1",
      "ezweb" : "493"
    },
    "474" : {
      "softbank" : "474",
      "docomo" : "1",
      "ezweb" : "371"
    },
    "475" : {
      "softbank" : "475",
      "docomo" : "172",
      "ezweb" : "490"
    },
    "476" : {
      "softbank" : "476",
      "docomo" : "\u3013",
      "ezweb" : "491"
    },
    "501" : {
      "softbank" : "501",
      "docomo" : "44;139",
      "ezweb" : "492"
    },
    "502" : {
      "softbank" : "502",
      "docomo" : "62",
      "ezweb" : "309"
    },
    "503" : {
      "softbank" : "503",
      "docomo" : "63",
      "ezweb" : "494"
    },
    "504" : {
      "softbank" : "504",
      "docomo" : "\u3013",
      "ezweb" : "495"
    },
    "505" : {
      "softbank" : "505",
      "docomo" : "\u3013",
      "ezweb" : "496"
    },
    "506" : {
      "softbank" : "506",
      "docomo" : "\u3013",
      "ezweb" : "497"
    },
    "507" : {
      "softbank" : "507",
      "docomo" : "58",
      "ezweb" : "110"
    },
    "508" : {
      "softbank" : "508",
      "docomo" : "\u3013",
      "ezweb" : "498"
    },
    "509" : {
      "softbank" : "509",
      "docomo" : "\u3013",
      "ezweb" : "228"
    },
    "510" : {
      "softbank" : "510",
      "docomo" : "\u3013",
      "ezweb" : "\u3013"
    },
    "511" : {
      "softbank" : "511",
      "docomo" : "\u3013",
      "ezweb" : "237"
    },
    "512" : {
      "softbank" : "512",
      "docomo" : "\u3013",
      "ezweb" : "90"
    },
    "513" : {
      "softbank" : "513",
      "docomo" : "\u3013",
      "ezweb" : "499"
    },
    "514" : {
      "softbank" : "514",
      "docomo" : "\u3013",
      "ezweb" : "700"
    },
    "515" : {
      "softbank" : "515",
      "docomo" : "\u3013",
      "ezweb" : "701"
    },
    "516" : {
      "softbank" : "516",
      "docomo" : "\u3013",
      "ezweb" : "702"
    },
    "517" : {
      "softbank" : "517",
      "docomo" : "\u3013",
      "ezweb" : "366"
    },
    "518" : {
      "softbank" : "518",
      "docomo" : "\u3013",
      "ezweb" : "367"
    },
    "519" : {
      "softbank" : "519",
      "docomo" : "\u3013",
      "ezweb" : "703"
    },
    "520" : {
      "softbank" : "520",
      "docomo" : "\u3013",
      "ezweb" : "704"
    },
    "521" : {
      "softbank" : "521",
      "docomo" : "\u3013",
      "ezweb" : "705"
    },
    "522" : {
      "softbank" : "522",
      "docomo" : "\u3013",
      "ezweb" : "706"
    },
    "523" : {
      "softbank" : "523",
      "docomo" : "\u3013",
      "ezweb" : "707"
    },
    "524" : {
      "softbank" : "524",
      "docomo" : "\u3013",
      "ezweb" : "708"
    },
    "525" : {
      "softbank" : "525",
      "docomo" : "\u3013",
      "ezweb" : "709"
    },
    "526" : {
      "softbank" : "526",
      "docomo" : "\u3013",
      "ezweb" : "710"
    },
    "527" : {
      "softbank" : "527",
      "docomo" : "\u3013",
      "ezweb" : "711"
    },
    "528" : {
      "softbank" : "528",
      "docomo" : "\u3013",
      "ezweb" : "712"
    },
    "529" : {
      "softbank" : "529",
      "docomo" : "\u3013",
      "ezweb" : "\u3013"
    },
    "530" : {
      "softbank" : "530",
      "docomo" : "\u3013",
      "ezweb" : "\u3013"
    },
    "531" : {
      "softbank" : "531",
      "docomo" : "\u3013",
      "ezweb" : "714"
    },
    "532" : {
      "softbank" : "532",
      "docomo" : "\u3013",
      "ezweb" : "713"
    },
    "533" : {
      "softbank" : "533",
      "docomo" : "1068",
      "ezweb" : "78"
    },
    "534" : {
      "softbank" : "534",
      "docomo" : "1070",
      "ezweb" : "715"
    },
    "535" : {
      "softbank" : "535",
      "docomo" : "1068",
      "ezweb" : "78"
    },
    "536" : {
      "softbank" : "536",
      "docomo" : "\u3013",
      "ezweb" : "\u3013"
    },
    "537" : {
      "softbank" : "537",
      "docomo" : "\u3013",
      "ezweb" : "716"
    },
    "538" : {
      "softbank" : "538",
      "docomo" : "\u3013",
      "ezweb" : "717"
    },
    "539" : {
      "softbank" : "539",
      "docomo" : "\u3013",
      "ezweb" : "718"
    },
    "540" : {
      "softbank" : "540",
      "docomo" : "\u3013",
      "ezweb" : "249"
    },
    "541" : {
      "softbank" : "541",
      "docomo" : "\u3013",
      "ezweb" : "192"
    },
    "542" : {
      "softbank" : "542",
      "docomo" : "100",
      "ezweb" : "134"
    },
    "543" : {
      "softbank" : "543",
      "docomo" : "\u3013",
      "ezweb" : "719"
    },
    "544" : {
      "softbank" : "544",
      "docomo" : "\u3013",
      "ezweb" : "247"
    },
    "545" : {
      "softbank" : "545",
      "docomo" : "\u3013",
      "ezweb" : "720"
    },
    "546" : {
      "softbank" : "546",
      "docomo" : "\u3013",
      "ezweb" : "721"
    },
    "547" : {
      "softbank" : "547",
      "docomo" : "\u3013",
      "ezweb" : "722"
    },
    "548" : {
      "softbank" : "548",
      "docomo" : "\u3013",
      "ezweb" : "723"
    },
    "549" : {
      "softbank" : "549",
      "docomo" : "\u3013",
      "ezweb" : "250"
    },
    "550" : {
      "softbank" : "550",
      "docomo" : "[A]",
      "ezweb" : "724"
    },
    "551" : {
      "softbank" : "551",
      "docomo" : "[B]",
      "ezweb" : "725"
    },
    "552" : {
      "softbank" : "552",
      "docomo" : "[AB]",
      "ezweb" : "727"
    },
    "553" : {
      "softbank" : "553",
      "docomo" : "[O]",
      "ezweb" : "726"
    },
    "554" : {
      "softbank" : "554",
      "docomo" : "91",
      "ezweb" : "728"
    },
    "555" : {
      "softbank" : "555",
      "docomo" : "1039",
      "ezweb" : "54"
    },
    "556" : {
      "softbank" : "556",
      "docomo" : "\u3013",
      "ezweb" : "\u3013"
    },
    "557" : {
      "softbank" : "557",
      "docomo" : "\u3013",
      "ezweb" : "\u3013"
    },
    "558" : {
      "softbank" : "558",
      "docomo" : "\u3013",
      "ezweb" : "\u3013"
    },
    "559" : {
      "softbank" : "559",
      "docomo" : "\u3013",
      "ezweb" : "\u3013"
    },
    "560" : {
      "softbank" : "560",
      "docomo" : "[v",
      "ezweb" : "[v"
    },
    "561" : {
      "softbank" : "561",
      "docomo" : "oda",
      "ezweb" : "oda"
    },
    "562" : {
      "softbank" : "562",
      "docomo" : "fone]",
      "ezweb" : "fone]"
    }
  }
}
