<?xml version="1.0" encoding="UTF-8"?>
<soycms><id>bootstrap4</id><name>bootstrap 4 standard blog template</name><type>200</type><description><![CDATA[Bootstrap4のブログサンプルテンプレート]]></description><files><file><name>js_bootstrap.min.js</name><path>/js/bootstrap.min.js</path><description><![CDATA[]]></description></file><file><name>js_ie10-viewport-bug-workaround.js</name><path>/js/ie10-viewport-bug-workaround.js</path><description><![CDATA[]]></description></file><file><name>js_jquery-3.1.1.slim.min.js</name><path>/js/jquery-3.1.1.slim.min.js</path><description><![CDATA[]]></description></file><file><name>js_tether.min.js</name><path>/js/tether.min.js</path><description><![CDATA[]]></description></file><file><name>css_blog.css</name><path>/css/blog.css</path><description><![CDATA[]]></description></file><file><name>css_bootstrap.min.css</name><path>/css/bootstrap.min.css</path><description><![CDATA[]]></description></file></files><templates><template><id>top</id><name>トップページ</name><description><![CDATA[]]></description></template><template><id>entry</id><name>記事ページ</name><description><![CDATA[]]></description></template><template><id>archive</id><name>アーカイブページ</name><description><![CDATA[]]></description></template></templates></soycms>
