{
  "docomo" : {
    "1" : {
      "docomo" : "1",
      "ezweb" : "44",
      "softbank" : "74"
    },
    "2" : {
      "docomo" : "2",
      "ezweb" : "107",
      "softbank" : "73"
    },
    "3" : {
      "docomo" : "3",
      "ezweb" : "95",
      "softbank" : "75"
    },
    "4" : {
      "docomo" : "4",
      "ezweb" : "191",
      "softbank" : "72"
    },
    "5" : {
      "docomo" : "5",
      "ezweb" : "16",
      "softbank" : "161"
    },
    "6" : {
      "docomo" : "6",
      "ezweb" : "190",
      "softbank" : "467"
    },
    "7" : {
      "docomo" : "7",
      "ezweb" : "305",
      "softbank" : "\uff3b\u9727\uff3d"
    },
    "8" : {
      "docomo" : "8",
      "ezweb" : "481",
      "softbank" : "460"
    },
    "9" : {
      "docomo" : "9",
      "ezweb" : "192",
      "softbank" : "263"
    },
    "10" : {
      "docomo" : "10",
      "ezweb" : "193",
      "softbank" : "264"
    },
    "11" : {
      "docomo" : "11",
      "ezweb" : "194",
      "softbank" : "265"
    },
    "12" : {
      "docomo" : "12",
      "ezweb" : "195",
      "softbank" : "266"
    },
    "13" : {
      "docomo" : "13",
      "ezweb" : "196",
      "softbank" : "267"
    },
    "14" : {
      "docomo" : "14",
      "ezweb" : "197",
      "softbank" : "268"
    },
    "15" : {
      "docomo" : "15",
      "ezweb" : "198",
      "softbank" : "269"
    },
    "16" : {
      "docomo" : "16",
      "ezweb" : "199",
      "softbank" : "270"
    },
    "17" : {
      "docomo" : "17",
      "ezweb" : "200",
      "softbank" : "271"
    },
    "18" : {
      "docomo" : "18",
      "ezweb" : "201",
      "softbank" : "272"
    },
    "19" : {
      "docomo" : "19",
      "ezweb" : "202",
      "softbank" : "273"
    },
    "20" : {
      "docomo" : "20",
      "ezweb" : "203",
      "softbank" : "274"
    },
    "21" : {
      "docomo" : "21",
      "ezweb" : "\u3013",
      "softbank" : "\u3013"
    },
    "22" : {
      "docomo" : "22",
      "ezweb" : "45",
      "softbank" : "22"
    },
    "23" : {
      "docomo" : "23",
      "ezweb" : "306",
      "softbank" : "20"
    },
    "24" : {
      "docomo" : "24",
      "ezweb" : "220",
      "softbank" : "21"
    },
    "25" : {
      "docomo" : "25",
      "ezweb" : "219",
      "softbank" : "24"
    },
    "26" : {
      "docomo" : "26",
      "ezweb" : "421",
      "softbank" : "19"
    },
    "27" : {
      "docomo" : "27",
      "ezweb" : "307",
      "softbank" : "442"
    },
    "28" : {
      "docomo" : "28",
      "ezweb" : "222",
      "softbank" : "150"
    },
    "29" : {
      "docomo" : "29",
      "ezweb" : "308",
      "softbank" : "\uff3b\u30dd\u30b1\u30d9\u30eb\uff3d"
    },
    "30" : {
      "docomo" : "30",
      "ezweb" : "172",
      "softbank" : "30"
    },
    "31" : {
      "docomo" : "31",
      "ezweb" : "341",
      "softbank" : "452"
    },
    "32" : {
      "docomo" : "32",
      "ezweb" : "217",
      "softbank" : "453"
    },
    "33" : {
      "docomo" : "33",
      "ezweb" : "125",
      "softbank" : "27"
    },
    "34" : {
      "docomo" : "34",
      "ezweb" : "125",
      "softbank" : "446"
    },
    "35" : {
      "docomo" : "35",
      "ezweb" : "216",
      "softbank" : "189"
    },
    "36" : {
      "docomo" : "36",
      "ezweb" : "379",
      "softbank" : "202"
    },
    "37" : {
      "docomo" : "37",
      "ezweb" : "168",
      "softbank" : "29"
    },
    "38" : {
      "docomo" : "38",
      "ezweb" : "112",
      "softbank" : "54"
    },
    "39" : {
      "docomo" : "39",
      "ezweb" : "156",
      "softbank" : "56"
    },
    "40" : {
      "docomo" : "40",
      "ezweb" : "375",
      "softbank" : "183"
    },
    "41" : {
      "docomo" : "41",
      "ezweb" : "376",
      "softbank" : "185"
    },
    "42" : {
      "docomo" : "42",
      "ezweb" : "212",
      "softbank" : "177"
    },
    "43" : {
      "docomo" : "43",
      "ezweb" : "205",
      "softbank" : "184"
    },
    "44" : {
      "docomo" : "44",
      "ezweb" : "378",
      "softbank" : "188"
    },
    "45" : {
      "docomo" : "45",
      "ezweb" : "206",
      "softbank" : "186"
    },
    "46" : {
      "docomo" : "46",
      "ezweb" : "213",
      "softbank" : "58"
    },
    "47" : {
      "docomo" : "47",
      "ezweb" : "208",
      "softbank" : "179"
    },
    "48" : {
      "docomo" : "48",
      "ezweb" : "99",
      "softbank" : "178"
    },
    "49" : {
      "docomo" : "49",
      "ezweb" : "207",
      "softbank" : "181"
    },
    "50" : {
      "docomo" : "50",
      "ezweb" : "146",
      "softbank" : "67"
    },
    "51" : {
      "docomo" : "51",
      "ezweb" : "93",
      "softbank" : "69"
    },
    "52" : {
      "docomo" : "52",
      "ezweb" : "52",
      "softbank" : "68"
    },
    "53" : {
      "docomo" : "53",
      "ezweb" : "65",
      "softbank" : "71"
    },
    "54" : {
      "docomo" : "54",
      "ezweb" : "245",
      "softbank" : "132"
    },
    "55" : {
      "docomo" : "55",
      "ezweb" : "124",
      "softbank" : "162"
    },
    "56" : {
      "docomo" : "56",
      "ezweb" : "104",
      "softbank" : "319"
    },
    "57" : {
      "docomo" : "57",
      "ezweb" : "289",
      "softbank" : "60"
    },
    "58" : {
      "docomo" : "58",
      "ezweb" : "110",
      "softbank" : "61"
    },
    "59" : {
      "docomo" : "59",
      "ezweb" : "70",
      "softbank" : "254"
    },
    "60" : {
      "docomo" : "60",
      "ezweb" : "\u3013",
      "softbank" : "\u3013"
    },
    "61" : {
      "docomo" : "61",
      "ezweb" : "294",
      "softbank" : "310"
    },
    "62" : {
      "docomo" : "62",
      "ezweb" : "309",
      "softbank" : "502"
    },
    "63" : {
      "docomo" : "63",
      "ezweb" : "494",
      "softbank" : "503"
    },
    "64" : {
      "docomo" : "64",
      "ezweb" : "311",
      "softbank" : "\u3013"
    },
    "65" : {
      "docomo" : "65",
      "ezweb" : "106",
      "softbank" : "137"
    },
    "66" : {
      "docomo" : "66",
      "ezweb" : "176",
      "softbank" : "314"
    },
    "67" : {
      "docomo" : "67",
      "ezweb" : "177",
      "softbank" : "208"
    },
    "68" : {
      "docomo" : "68",
      "ezweb" : "94",
      "softbank" : "8"
    },
    "69" : {
      "docomo" : "69",
      "ezweb" : "83",
      "softbank" : "335"
    },
    "70" : {
      "docomo" : "70",
      "ezweb" : "122",
      "softbank" : "172"
    },
    "71" : {
      "docomo" : "71",
      "ezweb" : "312",
      "softbank" : "320"
    },
    "72" : {
      "docomo" : "72",
      "ezweb" : "144",
      "softbank" : "118"
    },
    "73" : {
      "docomo" : "73",
      "ezweb" : "313",
      "softbank" : "375"
    },
    "74" : {
      "docomo" : "74",
      "ezweb" : "85",
      "softbank" : "9"
    },
    "75" : {
      "docomo" : "75",
      "ezweb" : "161",
      "softbank" : "10"
    },
    "76" : {
      "docomo" : "76",
      "ezweb" : "395",
      "softbank" : "301"
    },
    "77" : {
      "docomo" : "77",
      "ezweb" : "288",
      "softbank" : "142"
    },
    "78" : {
      "docomo" : "78",
      "ezweb" : "232",
      "softbank" : "\uff3b\u30b2\u30fc\u30e0\uff3d"
    },
    "79" : {
      "docomo" : "79",
      "ezweb" : "300",
      "softbank" : "138"
    },
    "80" : {
      "docomo" : "80",
      "ezweb" : "414",
      "softbank" : "212"
    },
    "81" : {
      "docomo" : "81",
      "ezweb" : "314",
      "softbank" : "214"
    },
    "82" : {
      "docomo" : "82",
      "ezweb" : "315",
      "softbank" : "213"
    },
    "83" : {
      "docomo" : "83",
      "ezweb" : "316",
      "softbank" : "215"
    },
    "84" : {
      "docomo" : "84",
      "ezweb" : "317",
      "softbank" : "425"
    },
    "85" : {
      "docomo" : "85",
      "ezweb" : "318",
      "softbank" : "427"
    },
    "86" : {
      "docomo" : "86",
      "ezweb" : "817",
      "softbank" : "16"
    },
    "87" : {
      "docomo" : "87",
      "ezweb" : "319",
      "softbank" : "17"
    },
    "88" : {
      "docomo" : "88",
      "ezweb" : "320",
      "softbank" : "18"
    },
    "89" : {
      "docomo" : "89",
      "ezweb" : "43",
      "softbank" : "256"
    },
    "90" : {
      "docomo" : "90",
      "ezweb" : "42",
      "softbank" : "255"
    },
    "91" : {
      "docomo" : "91",
      "ezweb" : "728",
      "softbank" : "554"
    },
    "92" : {
      "docomo" : "92",
      "ezweb" : "729",
      "softbank" : "7"
    },
    "93" : {
      "docomo" : "93",
      "ezweb" : "116",
      "softbank" : "\uff3b\u30e1\u30ac\u30cd\uff3d"
    },
    "94" : {
      "docomo" : "94",
      "ezweb" : "178",
      "softbank" : "210"
    },
    "95" : {
      "docomo" : "95",
      "ezweb" : "321",
      "softbank" : "\u25cf"
    },
    "96" : {
      "docomo" : "96",
      "ezweb" : "322",
      "softbank" : "76"
    },
    "97" : {
      "docomo" : "97",
      "ezweb" : "323",
      "softbank" : "76"
    },
    "98" : {
      "docomo" : "98",
      "ezweb" : "15",
      "softbank" : "76"
    },
    "99" : {
      "docomo" : "99",
      "ezweb" : "\u25cb",
      "softbank" : "\u25cb"
    },
    "100" : {
      "docomo" : "100",
      "ezweb" : "134",
      "softbank" : "82"
    },
    "101" : {
      "docomo" : "101",
      "ezweb" : "251",
      "softbank" : "79"
    },
    "102" : {
      "docomo" : "102",
      "ezweb" : "169",
      "softbank" : "28"
    },
    "103" : {
      "docomo" : "103",
      "ezweb" : "234",
      "softbank" : "51"
    },
    "104" : {
      "docomo" : "104",
      "ezweb" : "71",
      "softbank" : "257"
    },
    "105" : {
      "docomo" : "105",
      "ezweb" : "513",
      "softbank" : "104"
    },
    "106" : {
      "docomo" : "106",
      "ezweb" : "784",
      "softbank" : "103"
    },
    "107" : {
      "docomo" : "107",
      "ezweb" : "166",
      "softbank" : "11"
    },
    "108" : {
      "docomo" : "108",
      "ezweb" : "\uff3b\uff49\u30e2\u30fc\u30c9\uff3d",
      "softbank" : "\uff3b\uff49\u30e2\u30fc\u30c9\uff3d"
    },
    "109" : {
      "docomo" : "109",
      "ezweb" : "\uff3b\uff49\u30e2\u30fc\u30c9\uff3d",
      "softbank" : "\uff3b\uff49\u30e2\u30fc\u30c9\uff3d"
    },
    "110" : {
      "docomo" : "110",
      "ezweb" : "108",
      "softbank" : "103"
    },
    "111" : {
      "docomo" : "111",
      "ezweb" : "\uff3b\u30c9\u30b3\u30e2\uff3d",
      "softbank" : "\uff3b\u30c9\u30b3\u30e2\uff3d"
    },
    "112" : {
      "docomo" : "112",
      "ezweb" : "\uff3b\u30c9\u30b3\u30e2\u30dd\u30a4\u30f3\u30c8\uff3d",
      "softbank" : "\uff3b\u30c9\u30b3\u30e2\u30dd\u30a4\u30f3\u30c8\uff3d"
    },
    "113" : {
      "docomo" : "113",
      "ezweb" : "109",
      "softbank" : "\uffe5"
    },
    "114" : {
      "docomo" : "114",
      "ezweb" : "299",
      "softbank" : "\uff3b\uff26\uff32\uff25\uff25\uff3d"
    },
    "115" : {
      "docomo" : "115",
      "ezweb" : "385",
      "softbank" : "241"
    },
    "116" : {
      "docomo" : "116",
      "ezweb" : "120",
      "softbank" : "63"
    },
    "117" : {
      "docomo" : "117",
      "ezweb" : "118",
      "softbank" : "\u3013"
    },
    "118" : {
      "docomo" : "118",
      "ezweb" : "324",
      "softbank" : "\uff3b\uff23\uff2c\uff3d"
    },
    "119" : {
      "docomo" : "119",
      "ezweb" : "119",
      "softbank" : "120"
    },
    "120" : {
      "docomo" : "120",
      "ezweb" : "334",
      "softbank" : "218"
    },
    "121" : {
      "docomo" : "121",
      "ezweb" : "730",
      "softbank" : "\u3013"
    },
    "122" : {
      "docomo" : "122",
      "ezweb" : "\uff3b\u30d5\u30ea\u30fc\u30c0\u30a4\u30e4\u30eb\uff3d",
      "softbank" : "217"
    },
    "123" : {
      "docomo" : "123",
      "ezweb" : "818",
      "softbank" : "216"
    },
    "124" : {
      "docomo" : "124",
      "ezweb" : "4",
      "softbank" : "\uff3b\uff31\uff3d"
    },
    "125" : {
      "docomo" : "125",
      "ezweb" : "180",
      "softbank" : "228"
    },
    "126" : {
      "docomo" : "126",
      "ezweb" : "181",
      "softbank" : "229"
    },
    "127" : {
      "docomo" : "127",
      "ezweb" : "182",
      "softbank" : "230"
    },
    "128" : {
      "docomo" : "128",
      "ezweb" : "183",
      "softbank" : "231"
    },
    "129" : {
      "docomo" : "129",
      "ezweb" : "184",
      "softbank" : "232"
    },
    "130" : {
      "docomo" : "130",
      "ezweb" : "185",
      "softbank" : "233"
    },
    "131" : {
      "docomo" : "131",
      "ezweb" : "186",
      "softbank" : "234"
    },
    "132" : {
      "docomo" : "132",
      "ezweb" : "187",
      "softbank" : "235"
    },
    "133" : {
      "docomo" : "133",
      "ezweb" : "188",
      "softbank" : "236"
    },
    "134" : {
      "docomo" : "134",
      "ezweb" : "325",
      "softbank" : "237"
    },
    "135" : {
      "docomo" : "135",
      "ezweb" : "326",
      "softbank" : "277"
    },
    "136" : {
      "docomo" : "136",
      "ezweb" : "51",
      "softbank" : "34"
    },
    "137" : {
      "docomo" : "137",
      "ezweb" : "803",
      "softbank" : "339"
    },
    "138" : {
      "docomo" : "138",
      "ezweb" : "265",
      "softbank" : "35"
    },
    "139" : {
      "docomo" : "139",
      "ezweb" : "266",
      "softbank" : "339"
    },
    "140" : {
      "docomo" : "140",
      "ezweb" : "257",
      "softbank" : "87"
    },
    "141" : {
      "docomo" : "141",
      "ezweb" : "258",
      "softbank" : "89"
    },
    "142" : {
      "docomo" : "142",
      "ezweb" : "441",
      "softbank" : "88"
    },
    "143" : {
      "docomo" : "143",
      "ezweb" : "444",
      "softbank" : "407"
    },
    "144" : {
      "docomo" : "144",
      "ezweb" : "327",
      "softbank" : "406"
    },
    "145" : {
      "docomo" : "145",
      "ezweb" : "731",
      "softbank" : "254"
    },
    "146" : {
      "docomo" : "146",
      "ezweb" : "343",
      "softbank" : "62"
    },
    "147" : {
      "docomo" : "147",
      "ezweb" : "224",
      "softbank" : "135"
    },
    "148" : {
      "docomo" : "148",
      "ezweb" : "\u3013",
      "softbank" : "\u3013"
    },
    "149" : {
      "docomo" : "149",
      "ezweb" : "273",
      "softbank" : "3"
    },
    "150" : {
      "docomo" : "150",
      "ezweb" : "420",
      "softbank" : "346"
    },
    "151" : {
      "docomo" : "151",
      "ezweb" : "77",
      "softbank" : "115"
    },
    "152" : {
      "docomo" : "152",
      "ezweb" : "262",
      "softbank" : "352"
    },
    "153" : {
      "docomo" : "153",
      "ezweb" : "281",
      "softbank" : "13"
    },
    "154" : {
      "docomo" : "154",
      "ezweb" : "268",
      "softbank" : "317"
    },
    "155" : {
      "docomo" : "155",
      "ezweb" : "291",
      "softbank" : "338"
    },
    "156" : {
      "docomo" : "156",
      "ezweb" : "732",
      "softbank" : "256"
    },
    "157" : {
      "docomo" : "157",
      "ezweb" : "261",
      "softbank" : "160"
    },
    "158" : {
      "docomo" : "158",
      "ezweb" : "2",
      "softbank" : "33"
    },
    "159" : {
      "docomo" : "159",
      "ezweb" : "733",
      "softbank" : "\uff01\uff1f"
    },
    "160" : {
      "docomo" : "160",
      "ezweb" : "734",
      "softbank" : "\uff01\uff01"
    },
    "161" : {
      "docomo" : "161",
      "ezweb" : "329",
      "softbank" : "\u3013"
    },
    "162" : {
      "docomo" : "162",
      "ezweb" : "330",
      "softbank" : "349"
    },
    "163" : {
      "docomo" : "163",
      "ezweb" : "263",
      "softbank" : "349"
    },
    "164" : {
      "docomo" : "164",
      "ezweb" : "282",
      "softbank" : "348"
    },
    "165" : {
      "docomo" : "165",
      "ezweb" : "\u3013",
      "softbank" : "\u3013"
    },
    "166" : {
      "docomo" : "166",
      "ezweb" : "735",
      "softbank" : "\u3013"
    },
    "167" : {
      "docomo" : "167",
      "ezweb" : "226",
      "softbank" : "336"
    },
    "168" : {
      "docomo" : "168",
      "ezweb" : "\uff3b\u3075\u304f\u308d\uff3d",
      "softbank" : "\uff3b\u3075\u304f\u308d\uff3d"
    },
    "169" : {
      "docomo" : "169",
      "ezweb" : "508",
      "softbank" : "\uff3b\u30da\u30f3\uff3d"
    },
    "170" : {
      "docomo" : "170",
      "ezweb" : "\u3013",
      "softbank" : "\u3013"
    },
    "171" : {
      "docomo" : "171",
      "ezweb" : "\uff3b\u3044\u3059\uff3d",
      "softbank" : "131"
    },
    "172" : {
      "docomo" : "172",
      "ezweb" : "490",
      "softbank" : "475"
    },
    "173" : {
      "docomo" : "173",
      "ezweb" : "\uff3b\uff33\uff2f\uff2f\uff2e\uff3d",
      "softbank" : "\uff3b\uff33\uff2f\uff2f\uff2e\uff3d"
    },
    "174" : {
      "docomo" : "174",
      "ezweb" : "\uff3b\uff2f\uff2e\uff3d",
      "softbank" : "\uff3b\uff2f\uff2e\uff3d"
    },
    "175" : {
      "docomo" : "175",
      "ezweb" : "\uff3b\uff45\uff4e\uff44\uff3d",
      "softbank" : "\uff3b\uff45\uff4e\uff44\uff3d"
    },
    "176" : {
      "docomo" : "176",
      "ezweb" : "46",
      "softbank" : "45"
    },
    "1001" : {
      "docomo" : "1001",
      "ezweb" : "\uff3b\uff49\u30a2\u30d7\u30ea\uff3d",
      "softbank" : "\uff3b\uff49\u30a2\u30d7\u30ea\uff3d"
    },
    "1002" : {
      "docomo" : "1002",
      "ezweb" : "\uff3b\uff49\u30a2\u30d7\u30ea\uff3d",
      "softbank" : "\uff3b\uff49\u30a2\u30d7\u30ea\uff3d"
    },
    "1003" : {
      "docomo" : "1003",
      "ezweb" : "335",
      "softbank" : "6"
    },
    "1004" : {
      "docomo" : "1004",
      "ezweb" : "290",
      "softbank" : "\uff3b\u8ca1\u5e03\uff3d"
    },
    "1005" : {
      "docomo" : "1005",
      "ezweb" : "295",
      "softbank" : "328"
    },
    "1006" : {
      "docomo" : "1006",
      "ezweb" : "805",
      "softbank" : "\uff3b\u30b8\u30fc\u30f3\u30ba\uff3d"
    },
    "1007" : {
      "docomo" : "1007",
      "ezweb" : "221",
      "softbank" : "\uff3b\u30b9\u30ce\u30dc\uff3d"
    },
    "1008" : {
      "docomo" : "1008",
      "ezweb" : "48",
      "softbank" : "337"
    },
    "1009" : {
      "docomo" : "1009",
      "ezweb" : "\uff3b\u30c9\u30a2\uff3d",
      "softbank" : "\uff3b\u30c9\u30a2\uff3d"
    },
    "1010" : {
      "docomo" : "1010",
      "ezweb" : "233",
      "softbank" : "147"
    },
    "1011" : {
      "docomo" : "1011",
      "ezweb" : "337",
      "softbank" : "12"
    },
    "1012" : {
      "docomo" : "1012",
      "ezweb" : "806",
      "softbank" : "103;340"
    },
    "1013" : {
      "docomo" : "1013",
      "ezweb" : "152",
      "softbank" : "\uff3b\u30ec\u30f3\u30c1\uff3d"
    },
    "1014" : {
      "docomo" : "1014",
      "ezweb" : "149",
      "softbank" : "301"
    },
    "1015" : {
      "docomo" : "1015",
      "ezweb" : "354",
      "softbank" : "114"
    },
    "1016" : {
      "docomo" : "1016",
      "ezweb" : "72",
      "softbank" : "52"
    },
    "1017" : {
      "docomo" : "1017",
      "ezweb" : "58",
      "softbank" : "\uff3b\u7802\u6642\u8a08\uff3d"
    },
    "1018" : {
      "docomo" : "1018",
      "ezweb" : "215",
      "softbank" : "154"
    },
    "1019" : {
      "docomo" : "1019",
      "ezweb" : "423",
      "softbank" : "356"
    },
    "1020" : {
      "docomo" : "1020",
      "ezweb" : "25",
      "softbank" : "\uff3b\u8155\u6642\u8a08\uff3d"
    },
    "1021" : {
      "docomo" : "1021",
      "ezweb" : "441",
      "softbank" : "403"
    },
    "1022" : {
      "docomo" : "1022",
      "ezweb" : "446",
      "softbank" : "410"
    },
    "1023" : {
      "docomo" : "1023",
      "ezweb" : "257;330",
      "softbank" : "421;349"
    },
    "1024" : {
      "docomo" : "1024",
      "ezweb" : "351",
      "softbank" : "108"
    },
    "1025" : {
      "docomo" : "1025",
      "ezweb" : "779",
      "softbank" : "422"
    },
    "1026" : {
      "docomo" : "1026",
      "ezweb" : "450",
      "softbank" : "414"
    },
    "1027" : {
      "docomo" : "1027",
      "ezweb" : "349",
      "softbank" : "106"
    },
    "1028" : {
      "docomo" : "1028",
      "ezweb" : "287",
      "softbank" : "14"
    },
    "1029" : {
      "docomo" : "1029",
      "ezweb" : "264",
      "softbank" : "105"
    },
    "1030" : {
      "docomo" : "1030",
      "ezweb" : "348",
      "softbank" : "405"
    },
    "1031" : {
      "docomo" : "1031",
      "ezweb" : "446",
      "softbank" : "410"
    },
    "1032" : {
      "docomo" : "1032",
      "ezweb" : "443",
      "softbank" : "406"
    },
    "1033" : {
      "docomo" : "1033",
      "ezweb" : "440",
      "softbank" : "402"
    },
    "1034" : {
      "docomo" : "1034",
      "ezweb" : "259",
      "softbank" : "417"
    },
    "1035" : {
      "docomo" : "1035",
      "ezweb" : "791",
      "softbank" : "419"
    },
    "1036" : {
      "docomo" : "1036",
      "ezweb" : "\uff3b\uff2e\uff27\uff3d",
      "softbank" : "\uff3b\uff2e\uff27\uff3d"
    },
    "1037" : {
      "docomo" : "1037",
      "ezweb" : "143",
      "softbank" : "\uff3b\u30af\u30ea\u30c3\u30d7\uff3d"
    },
    "1038" : {
      "docomo" : "1038",
      "ezweb" : "81",
      "softbank" : "278"
    },
    "1039" : {
      "docomo" : "1039",
      "ezweb" : "54",
      "softbank" : "555"
    },
    "1040" : {
      "docomo" : "1040",
      "ezweb" : "218",
      "softbank" : "121"
    },
    "1041" : {
      "docomo" : "1041",
      "ezweb" : "279",
      "softbank" : "321"
    },
    "1042" : {
      "docomo" : "1042",
      "ezweb" : "807",
      "softbank" : "\u3013"
    },
    "1043" : {
      "docomo" : "1043",
      "ezweb" : "82",
      "softbank" : "279"
    },
    "1044" : {
      "docomo" : "1044",
      "ezweb" : "1",
      "softbank" : "282"
    },
    "1045" : {
      "docomo" : "1045",
      "ezweb" : "\uff3b\u7981\uff3d",
      "softbank" : "\uff3b\u7981\uff3d"
    },
    "1046" : {
      "docomo" : "1046",
      "ezweb" : "387",
      "softbank" : "243"
    },
    "1047" : {
      "docomo" : "1047",
      "ezweb" : "\uff3b\u5408\uff3d",
      "softbank" : "\uff3b\u5408\uff3d"
    },
    "1048" : {
      "docomo" : "1048",
      "ezweb" : "386",
      "softbank" : "242"
    },
    "1049" : {
      "docomo" : "1049",
      "ezweb" : "808",
      "softbank" : "\u21d4"
    },
    "1050" : {
      "docomo" : "1050",
      "ezweb" : "809",
      "softbank" : "\u2191\u2193"
    },
    "1051" : {
      "docomo" : "1051",
      "ezweb" : "377",
      "softbank" : "187"
    },
    "1052" : {
      "docomo" : "1052",
      "ezweb" : "810",
      "softbank" : "462"
    },
    "1053" : {
      "docomo" : "1053",
      "ezweb" : "342",
      "softbank" : "59"
    },
    "1054" : {
      "docomo" : "1054",
      "ezweb" : "53",
      "softbank" : "116"
    },
    "1055" : {
      "docomo" : "1055",
      "ezweb" : "241",
      "softbank" : "\uff3b\u30c1\u30a7\u30ea\u30fc\uff3d"
    },
    "1056" : {
      "docomo" : "1056",
      "ezweb" : "113",
      "softbank" : "304"
    },
    "1057" : {
      "docomo" : "1057",
      "ezweb" : "739",
      "softbank" : "\uff3b\u30d0\u30ca\u30ca\uff3d"
    },
    "1058" : {
      "docomo" : "1058",
      "ezweb" : "434",
      "softbank" : "369"
    },
    "1059" : {
      "docomo" : "1059",
      "ezweb" : "811",
      "softbank" : "116"
    },
    "1060" : {
      "docomo" : "1060",
      "ezweb" : "133",
      "softbank" : "124"
    },
    "1061" : {
      "docomo" : "1061",
      "ezweb" : "235",
      "softbank" : "48"
    },
    "1062" : {
      "docomo" : "1062",
      "ezweb" : "244",
      "softbank" : "366"
    },
    "1063" : {
      "docomo" : "1063",
      "ezweb" : "239",
      "softbank" : "70"
    },
    "1064" : {
      "docomo" : "1064",
      "ezweb" : "400",
      "softbank" : "311"
    },
    "1065" : {
      "docomo" : "1065",
      "ezweb" : "333",
      "softbank" : "364"
    },
    "1066" : {
      "docomo" : "1066",
      "ezweb" : "424",
      "softbank" : "357"
    },
    "1067" : {
      "docomo" : "1067",
      "ezweb" : "812",
      "softbank" : "\uff3b\u30ab\u30bf\u30c4\u30e0\u30ea\uff3d"
    },
    "1068" : {
      "docomo" : "1068",
      "ezweb" : "78",
      "softbank" : "535"
    },
    "1069" : {
      "docomo" : "1069",
      "ezweb" : "252",
      "softbank" : "85"
    },
    "1070" : {
      "docomo" : "1070",
      "ezweb" : "203",
      "softbank" : "25"
    },
    "1071" : {
      "docomo" : "1071",
      "ezweb" : "454",
      "softbank" : "86"
    },
    "1072" : {
      "docomo" : "1072",
      "ezweb" : "814",
      "softbank" : "404"
    },
    "1073" : {
      "docomo" : "1073",
      "ezweb" : "248",
      "softbank" : "26"
    },
    "1074" : {
      "docomo" : "1074",
      "ezweb" : "254",
      "softbank" : "111"
    },
    "1075" : {
      "docomo" : "1075",
      "ezweb" : "12",
      "softbank" : "68"
    },
    "1076" : {
      "docomo" : "1076",
      "ezweb" : "350",
      "softbank" : "107"
    }
  }
}
