<?xml version="1.0" encoding="UTF-8"?>
<soycms><id>sampleomame</id><name>おまめ商事サンプル</name><type>0</type><description><![CDATA[サンプルデータ用のおまめ商事テンプレートです。]]></description><files><file><name>files_sampleomame_omame.css</name><path>/files/sampleomame/omame.css</path><description><![CDATA[]]></description></file><file><name>files_sampleomame_marker.gif</name><path>/files/sampleomame/marker.gif</path><description><![CDATA[]]></description></file><file><name>files_sampleomame_news_h2.gif</name><path>/files/sampleomame/news_h2.gif</path><description><![CDATA[]]></description></file><file><name>files_sampleomame_recommended_h2.gif</name><path>/files/sampleomame/recommended_h2.gif</path><description><![CDATA[]]></description></file><file><name>files_sampleomame_background.png</name><path>/files/sampleomame/background.png</path><description><![CDATA[]]></description></file><file><name>files_sampleomame_marker.png</name><path>/files/sampleomame/marker.png</path><description><![CDATA[]]></description></file><file><name>files_sampleomame_inquiry_banner.png</name><path>/files/sampleomame/inquiry_banner.png</path><description><![CDATA[]]></description></file><file><name>files_sampleomame_header_h.png</name><path>/files/sampleomame/header_h.png</path><description><![CDATA[]]></description></file><file><name>files_sampleomame_header.png</name><path>/files/sampleomame/header.png</path><description><![CDATA[]]></description></file><file><name>files_sampleomame_companyinfo_banner.png</name><path>/files/sampleomame/companyinfo_banner.png</path><description><![CDATA[]]></description></file><file><name>files_sampleomame_menu.png</name><path>/files/sampleomame/menu.png</path><description><![CDATA[]]></description></file><file><name>files_sampleomame_news_box.png</name><path>/files/sampleomame/news_box.png</path><description><![CDATA[]]></description></file><file><name>files_sampleomame_news_box_bottom.png</name><path>/files/sampleomame/news_box_bottom.png</path><description><![CDATA[]]></description></file><file><name>files_sampleomame_news_box_bottom_thin.png</name><path>/files/sampleomame/news_box_bottom_thin.png</path><description><![CDATA[]]></description></file><file><name>files_sampleomame_news_box_top.png</name><path>/files/sampleomame/news_box_top.png</path><description><![CDATA[]]></description></file><file><name>files_sampleomame_pcatalogue_banner_list.png</name><path>/files/sampleomame/pcatalogue_banner_list.png</path><description><![CDATA[]]></description></file><file><name>files_sampleomame_pcatalogue_banner_detail.png</name><path>/files/sampleomame/pcatalogue_banner_detail.png</path><description><![CDATA[]]></description></file><file><name>files_sampleomame_omame.png</name><path>/files/sampleomame/omame.png</path><description><![CDATA[]]></description></file><file><name>files_sampleomame_news_h2.png</name><path>/files/sampleomame/news_h2.png</path><description><![CDATA[]]></description></file><file><name>files_sampleomame_news_box_top_thin.png</name><path>/files/sampleomame/news_box_top_thin.png</path><description><![CDATA[]]></description></file><file><name>files_sampleomame_recommended_h2.png</name><path>/files/sampleomame/recommended_h2.png</path><description><![CDATA[]]></description></file><file><name>files_sampleomame_recruit_banner.png</name><path>/files/sampleomame/recruit_banner.png</path><description><![CDATA[]]></description></file><file><name>files_sampleomame_top.png</name><path>/files/sampleomame/top.png</path><description><![CDATA[]]></description></file><file><name>files_sampleomame_topics_banner.png</name><path>/files/sampleomame/topics_banner.png</path><description><![CDATA[]]></description></file></files><templates><template><id>9ccf0c75be28ebd47fcfdf8de4c84939</id><name>おまめ商事トップ</name><description><![CDATA[おまめ商事のトップページです。]]></description></template><template><id>e3ab664628efe31550461c4e1fb87918</id><name>会社情報</name><description><![CDATA[会社情報のページです。]]></description></template></templates></soycms>
