{
  "softbank" : {
    "1" : {
      "number" : "1",
      "unicode" : "E001",
      "webcode" : "4721",
      "sjis" : "F941",
      "utf-8" : "EE8081"
    },
    "2" : {
      "number" : "2",
      "unicode" : "E002",
      "webcode" : "4722",
      "sjis" : "F942",
      "utf-8" : "EE8082"
    },
    "3" : {
      "number" : "3",
      "unicode" : "E003",
      "webcode" : "4723",
      "sjis" : "F943",
      "utf-8" : "EE8083"
    },
    "4" : {
      "number" : "4",
      "unicode" : "E004",
      "webcode" : "4724",
      "sjis" : "F944",
      "utf-8" : "EE8084"
    },
    "5" : {
      "number" : "5",
      "unicode" : "E005",
      "webcode" : "4725",
      "sjis" : "F945",
      "utf-8" : "EE8085"
    },
    "6" : {
      "number" : "6",
      "unicode" : "E006",
      "webcode" : "4726",
      "sjis" : "F946",
      "utf-8" : "EE8086"
    },
    "7" : {
      "number" : "7",
      "unicode" : "E007",
      "webcode" : "4727",
      "sjis" : "F947",
      "utf-8" : "EE8087"
    },
    "8" : {
      "number" : "8",
      "unicode" : "E008",
      "webcode" : "4728",
      "sjis" : "F948",
      "utf-8" : "EE8088"
    },
    "9" : {
      "number" : "9",
      "unicode" : "E009",
      "webcode" : "4729",
      "sjis" : "F949",
      "utf-8" : "EE8089"
    },
    "10" : {
      "number" : "10",
      "unicode" : "E00A",
      "webcode" : "472a",
      "sjis" : "F94A",
      "utf-8" : "EE808A"
    },
    "11" : {
      "number" : "11",
      "unicode" : "E00B",
      "webcode" : "472b",
      "sjis" : "F94B",
      "utf-8" : "EE808B"
    },
    "12" : {
      "number" : "12",
      "unicode" : "E00C",
      "webcode" : "472c",
      "sjis" : "F94C",
      "utf-8" : "EE808C"
    },
    "13" : {
      "number" : "13",
      "unicode" : "E00D",
      "webcode" : "472d",
      "sjis" : "F94D",
      "utf-8" : "EE808D"
    },
    "14" : {
      "number" : "14",
      "unicode" : "E00E",
      "webcode" : "472e",
      "sjis" : "F94E",
      "utf-8" : "EE808E"
    },
    "15" : {
      "number" : "15",
      "unicode" : "E00F",
      "webcode" : "472f",
      "sjis" : "F94F",
      "utf-8" : "EE808F"
    },
    "16" : {
      "number" : "16",
      "unicode" : "E010",
      "webcode" : "4730",
      "sjis" : "F950",
      "utf-8" : "EE8090"
    },
    "17" : {
      "number" : "17",
      "unicode" : "E011",
      "webcode" : "4731",
      "sjis" : "F951",
      "utf-8" : "EE8091"
    },
    "18" : {
      "number" : "18",
      "unicode" : "E012",
      "webcode" : "4732",
      "sjis" : "F952",
      "utf-8" : "EE8092"
    },
    "19" : {
      "number" : "19",
      "unicode" : "E013",
      "webcode" : "4733",
      "sjis" : "F953",
      "utf-8" : "EE8093"
    },
    "20" : {
      "number" : "20",
      "unicode" : "E014",
      "webcode" : "4734",
      "sjis" : "F954",
      "utf-8" : "EE8094"
    },
    "21" : {
      "number" : "21",
      "unicode" : "E015",
      "webcode" : "4735",
      "sjis" : "F955",
      "utf-8" : "EE8095"
    },
    "22" : {
      "number" : "22",
      "unicode" : "E016",
      "webcode" : "4736",
      "sjis" : "F956",
      "utf-8" : "EE8096"
    },
    "23" : {
      "number" : "23",
      "unicode" : "E017",
      "webcode" : "4737",
      "sjis" : "F957",
      "utf-8" : "EE8097"
    },
    "24" : {
      "number" : "24",
      "unicode" : "E018",
      "webcode" : "4738",
      "sjis" : "F958",
      "utf-8" : "EE8098"
    },
    "25" : {
      "number" : "25",
      "unicode" : "E019",
      "webcode" : "4739",
      "sjis" : "F959",
      "utf-8" : "EE8099"
    },
    "26" : {
      "number" : "26",
      "unicode" : "E01A",
      "webcode" : "473a",
      "sjis" : "F95A",
      "utf-8" : "EE809A"
    },
    "27" : {
      "number" : "27",
      "unicode" : "E01B",
      "webcode" : "473b",
      "sjis" : "F95B",
      "utf-8" : "EE809B"
    },
    "28" : {
      "number" : "28",
      "unicode" : "E01C",
      "webcode" : "473c",
      "sjis" : "F95C",
      "utf-8" : "EE809C"
    },
    "29" : {
      "number" : "29",
      "unicode" : "E01D",
      "webcode" : "473d",
      "sjis" : "F95D",
      "utf-8" : "EE809D"
    },
    "30" : {
      "number" : "30",
      "unicode" : "E01E",
      "webcode" : "473e",
      "sjis" : "F95E",
      "utf-8" : "EE809E"
    },
    "31" : {
      "number" : "31",
      "unicode" : "E01F",
      "webcode" : "473f",
      "sjis" : "F95F",
      "utf-8" : "EE809F"
    },
    "32" : {
      "number" : "32",
      "unicode" : "E020",
      "webcode" : "4740",
      "sjis" : "F960",
      "utf-8" : "EE80A0"
    },
    "33" : {
      "number" : "33",
      "unicode" : "E021",
      "webcode" : "4741",
      "sjis" : "F961",
      "utf-8" : "EE80A1"
    },
    "34" : {
      "number" : "34",
      "unicode" : "E022",
      "webcode" : "4742",
      "sjis" : "F962",
      "utf-8" : "EE80A2"
    },
    "35" : {
      "number" : "35",
      "unicode" : "E023",
      "webcode" : "4743",
      "sjis" : "F963",
      "utf-8" : "EE80A3"
    },
    "36" : {
      "number" : "36",
      "unicode" : "E024",
      "webcode" : "4744",
      "sjis" : "F964",
      "utf-8" : "EE80A4"
    },
    "37" : {
      "number" : "37",
      "unicode" : "E025",
      "webcode" : "4745",
      "sjis" : "F965",
      "utf-8" : "EE80A5"
    },
    "38" : {
      "number" : "38",
      "unicode" : "E026",
      "webcode" : "4746",
      "sjis" : "F966",
      "utf-8" : "EE80A6"
    },
    "39" : {
      "number" : "39",
      "unicode" : "E027",
      "webcode" : "4747",
      "sjis" : "F967",
      "utf-8" : "EE80A7"
    },
    "40" : {
      "number" : "40",
      "unicode" : "E028",
      "webcode" : "4748",
      "sjis" : "F968",
      "utf-8" : "EE80A8"
    },
    "41" : {
      "number" : "41",
      "unicode" : "E029",
      "webcode" : "4749",
      "sjis" : "F969",
      "utf-8" : "EE80A9"
    },
    "42" : {
      "number" : "42",
      "unicode" : "E02A",
      "webcode" : "474a",
      "sjis" : "F96A",
      "utf-8" : "EE80AA"
    },
    "43" : {
      "number" : "43",
      "unicode" : "E02B",
      "webcode" : "474b",
      "sjis" : "F96B",
      "utf-8" : "EE80AB"
    },
    "44" : {
      "number" : "44",
      "unicode" : "E02C",
      "webcode" : "474c",
      "sjis" : "F96C",
      "utf-8" : "EE80AC"
    },
    "45" : {
      "number" : "45",
      "unicode" : "E02D",
      "webcode" : "474d",
      "sjis" : "F96D",
      "utf-8" : "EE80AD"
    },
    "46" : {
      "number" : "46",
      "unicode" : "E02E",
      "webcode" : "474e",
      "sjis" : "F96E",
      "utf-8" : "EE80AE"
    },
    "47" : {
      "number" : "47",
      "unicode" : "E02F",
      "webcode" : "474f",
      "sjis" : "F96F",
      "utf-8" : "EE80AF"
    },
    "48" : {
      "number" : "48",
      "unicode" : "E030",
      "webcode" : "4750",
      "sjis" : "F970",
      "utf-8" : "EE80B0"
    },
    "49" : {
      "number" : "49",
      "unicode" : "E031",
      "webcode" : "4751",
      "sjis" : "F971",
      "utf-8" : "EE80B1"
    },
    "50" : {
      "number" : "50",
      "unicode" : "E032",
      "webcode" : "4752",
      "sjis" : "F972",
      "utf-8" : "EE80B2"
    },
    "51" : {
      "number" : "51",
      "unicode" : "E033",
      "webcode" : "4753",
      "sjis" : "F973",
      "utf-8" : "EE80B3"
    },
    "52" : {
      "number" : "52",
      "unicode" : "E034",
      "webcode" : "4754",
      "sjis" : "F974",
      "utf-8" : "EE80B4"
    },
    "53" : {
      "number" : "53",
      "unicode" : "E035",
      "webcode" : "4755",
      "sjis" : "F975",
      "utf-8" : "EE80B5"
    },
    "54" : {
      "number" : "54",
      "unicode" : "E036",
      "webcode" : "4756",
      "sjis" : "F976",
      "utf-8" : "EE80B6"
    },
    "55" : {
      "number" : "55",
      "unicode" : "E037",
      "webcode" : "4757",
      "sjis" : "F977",
      "utf-8" : "EE80B7"
    },
    "56" : {
      "number" : "56",
      "unicode" : "E038",
      "webcode" : "4758",
      "sjis" : "F978",
      "utf-8" : "EE80B8"
    },
    "57" : {
      "number" : "57",
      "unicode" : "E039",
      "webcode" : "4759",
      "sjis" : "F979",
      "utf-8" : "EE80B9"
    },
    "58" : {
      "number" : "58",
      "unicode" : "E03A",
      "webcode" : "475a",
      "sjis" : "F97A",
      "utf-8" : "EE80BA"
    },
    "59" : {
      "number" : "59",
      "unicode" : "E03B",
      "webcode" : "475b",
      "sjis" : "F97B",
      "utf-8" : "EE80BB"
    },
    "60" : {
      "number" : "60",
      "unicode" : "E03C",
      "webcode" : "475c",
      "sjis" : "F97C",
      "utf-8" : "EE80BC"
    },
    "61" : {
      "number" : "61",
      "unicode" : "E03D",
      "webcode" : "475d",
      "sjis" : "F97D",
      "utf-8" : "EE80BD"
    },
    "62" : {
      "number" : "62",
      "unicode" : "E03E",
      "webcode" : "475e",
      "sjis" : "F97E",
      "utf-8" : "EE80BE"
    },
    "63" : {
      "number" : "63",
      "unicode" : "E03F",
      "webcode" : "475f",
      "sjis" : "F980",
      "utf-8" : "EE80BF"
    },
    "64" : {
      "number" : "64",
      "unicode" : "E040",
      "webcode" : "4760",
      "sjis" : "F981",
      "utf-8" : "EE8180"
    },
    "65" : {
      "number" : "65",
      "unicode" : "E041",
      "webcode" : "4761",
      "sjis" : "F982",
      "utf-8" : "EE8181"
    },
    "66" : {
      "number" : "66",
      "unicode" : "E042",
      "webcode" : "4762",
      "sjis" : "F983",
      "utf-8" : "EE8182"
    },
    "67" : {
      "number" : "67",
      "unicode" : "E043",
      "webcode" : "4763",
      "sjis" : "F984",
      "utf-8" : "EE8183"
    },
    "68" : {
      "number" : "68",
      "unicode" : "E044",
      "webcode" : "4764",
      "sjis" : "F985",
      "utf-8" : "EE8184"
    },
    "69" : {
      "number" : "69",
      "unicode" : "E045",
      "webcode" : "4765",
      "sjis" : "F986",
      "utf-8" : "EE8185"
    },
    "70" : {
      "number" : "70",
      "unicode" : "E046",
      "webcode" : "4766",
      "sjis" : "F987",
      "utf-8" : "EE8186"
    },
    "71" : {
      "number" : "71",
      "unicode" : "E047",
      "webcode" : "4767",
      "sjis" : "F988",
      "utf-8" : "EE8187"
    },
    "72" : {
      "number" : "72",
      "unicode" : "E048",
      "webcode" : "4768",
      "sjis" : "F989",
      "utf-8" : "EE8188"
    },
    "73" : {
      "number" : "73",
      "unicode" : "E049",
      "webcode" : "4769",
      "sjis" : "F98A",
      "utf-8" : "EE8189"
    },
    "74" : {
      "number" : "74",
      "unicode" : "E04A",
      "webcode" : "476a",
      "sjis" : "F98B",
      "utf-8" : "EE818A"
    },
    "75" : {
      "number" : "75",
      "unicode" : "E04B",
      "webcode" : "476b",
      "sjis" : "F98C",
      "utf-8" : "EE818B"
    },
    "76" : {
      "number" : "76",
      "unicode" : "E04C",
      "webcode" : "476c",
      "sjis" : "F98D",
      "utf-8" : "EE818C"
    },
    "77" : {
      "number" : "77",
      "unicode" : "E04D",
      "webcode" : "476d",
      "sjis" : "F98E",
      "utf-8" : "EE818D"
    },
    "78" : {
      "number" : "78",
      "unicode" : "E04E",
      "webcode" : "476e",
      "sjis" : "F98F",
      "utf-8" : "EE818E"
    },
    "79" : {
      "number" : "79",
      "unicode" : "E04F",
      "webcode" : "476f",
      "sjis" : "F990",
      "utf-8" : "EE818F"
    },
    "80" : {
      "number" : "80",
      "unicode" : "E050",
      "webcode" : "4770",
      "sjis" : "F991",
      "utf-8" : "EE8190"
    },
    "81" : {
      "number" : "81",
      "unicode" : "E051",
      "webcode" : "4771",
      "sjis" : "F992",
      "utf-8" : "EE8191"
    },
    "82" : {
      "number" : "82",
      "unicode" : "E052",
      "webcode" : "4772",
      "sjis" : "F993",
      "utf-8" : "EE8192"
    },
    "83" : {
      "number" : "83",
      "unicode" : "E053",
      "webcode" : "4773",
      "sjis" : "F994",
      "utf-8" : "EE8193"
    },
    "84" : {
      "number" : "84",
      "unicode" : "E054",
      "webcode" : "4774",
      "sjis" : "F995",
      "utf-8" : "EE8194"
    },
    "85" : {
      "number" : "85",
      "unicode" : "E055",
      "webcode" : "4775",
      "sjis" : "F996",
      "utf-8" : "EE8195"
    },
    "86" : {
      "number" : "86",
      "unicode" : "E056",
      "webcode" : "4776",
      "sjis" : "F997",
      "utf-8" : "EE8196"
    },
    "87" : {
      "number" : "87",
      "unicode" : "E057",
      "webcode" : "4777",
      "sjis" : "F998",
      "utf-8" : "EE8197"
    },
    "88" : {
      "number" : "88",
      "unicode" : "E058",
      "webcode" : "4778",
      "sjis" : "F999",
      "utf-8" : "EE8198"
    },
    "89" : {
      "number" : "89",
      "unicode" : "E059",
      "webcode" : "4779",
      "sjis" : "F99A",
      "utf-8" : "EE8199"
    },
    "90" : {
      "number" : "90",
      "unicode" : "E05A",
      "webcode" : "477a",
      "sjis" : "F99B",
      "utf-8" : "EE819A"
    },
    "101" : {
      "number" : "101",
      "unicode" : "E101",
      "webcode" : "4521",
      "sjis" : "F741",
      "utf-8" : "EE8481"
    },
    "102" : {
      "number" : "102",
      "unicode" : "E102",
      "webcode" : "4522",
      "sjis" : "F742",
      "utf-8" : "EE8482"
    },
    "103" : {
      "number" : "103",
      "unicode" : "E103",
      "webcode" : "4523",
      "sjis" : "F743",
      "utf-8" : "EE8483"
    },
    "104" : {
      "number" : "104",
      "unicode" : "E104",
      "webcode" : "4524",
      "sjis" : "F744",
      "utf-8" : "EE8484"
    },
    "105" : {
      "number" : "105",
      "unicode" : "E105",
      "webcode" : "4525",
      "sjis" : "F745",
      "utf-8" : "EE8485"
    },
    "106" : {
      "number" : "106",
      "unicode" : "E106",
      "webcode" : "4526",
      "sjis" : "F746",
      "utf-8" : "EE8486"
    },
    "107" : {
      "number" : "107",
      "unicode" : "E107",
      "webcode" : "4527",
      "sjis" : "F747",
      "utf-8" : "EE8487"
    },
    "108" : {
      "number" : "108",
      "unicode" : "E108",
      "webcode" : "4528",
      "sjis" : "F748",
      "utf-8" : "EE8488"
    },
    "109" : {
      "number" : "109",
      "unicode" : "E109",
      "webcode" : "4529",
      "sjis" : "F749",
      "utf-8" : "EE8489"
    },
    "110" : {
      "number" : "110",
      "unicode" : "E10A",
      "webcode" : "452a",
      "sjis" : "F74A",
      "utf-8" : "EE848A"
    },
    "111" : {
      "number" : "111",
      "unicode" : "E10B",
      "webcode" : "452b",
      "sjis" : "F74B",
      "utf-8" : "EE848B"
    },
    "112" : {
      "number" : "112",
      "unicode" : "E10C",
      "webcode" : "452c",
      "sjis" : "F74C",
      "utf-8" : "EE848C"
    },
    "113" : {
      "number" : "113",
      "unicode" : "E10D",
      "webcode" : "452d",
      "sjis" : "F74D",
      "utf-8" : "EE848D"
    },
    "114" : {
      "number" : "114",
      "unicode" : "E10E",
      "webcode" : "452e",
      "sjis" : "F74E",
      "utf-8" : "EE848E"
    },
    "115" : {
      "number" : "115",
      "unicode" : "E10F",
      "webcode" : "452f",
      "sjis" : "F74F",
      "utf-8" : "EE848F"
    },
    "116" : {
      "number" : "116",
      "unicode" : "E110",
      "webcode" : "4530",
      "sjis" : "F750",
      "utf-8" : "EE8490"
    },
    "117" : {
      "number" : "117",
      "unicode" : "E111",
      "webcode" : "4531",
      "sjis" : "F751",
      "utf-8" : "EE8491"
    },
    "118" : {
      "number" : "118",
      "unicode" : "E112",
      "webcode" : "4532",
      "sjis" : "F752",
      "utf-8" : "EE8492"
    },
    "119" : {
      "number" : "119",
      "unicode" : "E113",
      "webcode" : "4533",
      "sjis" : "F753",
      "utf-8" : "EE8493"
    },
    "120" : {
      "number" : "120",
      "unicode" : "E114",
      "webcode" : "4534",
      "sjis" : "F754",
      "utf-8" : "EE8494"
    },
    "121" : {
      "number" : "121",
      "unicode" : "E115",
      "webcode" : "4535",
      "sjis" : "F755",
      "utf-8" : "EE8495"
    },
    "122" : {
      "number" : "122",
      "unicode" : "E116",
      "webcode" : "4536",
      "sjis" : "F756",
      "utf-8" : "EE8496"
    },
    "123" : {
      "number" : "123",
      "unicode" : "E117",
      "webcode" : "4537",
      "sjis" : "F757",
      "utf-8" : "EE8497"
    },
    "124" : {
      "number" : "124",
      "unicode" : "E118",
      "webcode" : "4538",
      "sjis" : "F758",
      "utf-8" : "EE8498"
    },
    "125" : {
      "number" : "125",
      "unicode" : "E119",
      "webcode" : "4539",
      "sjis" : "F759",
      "utf-8" : "EE8499"
    },
    "126" : {
      "number" : "126",
      "unicode" : "E11A",
      "webcode" : "453a",
      "sjis" : "F75A",
      "utf-8" : "EE849A"
    },
    "127" : {
      "number" : "127",
      "unicode" : "E11B",
      "webcode" : "453b",
      "sjis" : "F75B",
      "utf-8" : "EE849B"
    },
    "128" : {
      "number" : "128",
      "unicode" : "E11C",
      "webcode" : "45",
      "sjis" : "F75C",
      "utf-8" : "EE849C"
    },
    "129" : {
      "number" : "129",
      "unicode" : "E11D",
      "webcode" : "453d",
      "sjis" : "F75D",
      "utf-8" : "EE849D"
    },
    "130" : {
      "number" : "130",
      "unicode" : "E11E",
      "webcode" : "453e",
      "sjis" : "F75E",
      "utf-8" : "EE849E"
    },
    "131" : {
      "number" : "131",
      "unicode" : "E11F",
      "webcode" : "453f",
      "sjis" : "F75F",
      "utf-8" : "EE849F"
    },
    "132" : {
      "number" : "132",
      "unicode" : "E120",
      "webcode" : "4540",
      "sjis" : "F760",
      "utf-8" : "EE84A0"
    },
    "133" : {
      "number" : "133",
      "unicode" : "E121",
      "webcode" : "4541",
      "sjis" : "F761",
      "utf-8" : "EE84A1"
    },
    "134" : {
      "number" : "134",
      "unicode" : "E122",
      "webcode" : "4542",
      "sjis" : "F762",
      "utf-8" : "EE84A2"
    },
    "135" : {
      "number" : "135",
      "unicode" : "E123",
      "webcode" : "4543",
      "sjis" : "F763",
      "utf-8" : "EE84A3"
    },
    "136" : {
      "number" : "136",
      "unicode" : "E124",
      "webcode" : "4544",
      "sjis" : "F764",
      "utf-8" : "EE84A4"
    },
    "137" : {
      "number" : "137",
      "unicode" : "E125",
      "webcode" : "4545",
      "sjis" : "F765",
      "utf-8" : "EE84A5"
    },
    "138" : {
      "number" : "138",
      "unicode" : "E126",
      "webcode" : "4546",
      "sjis" : "F766",
      "utf-8" : "EE84A6"
    },
    "139" : {
      "number" : "139",
      "unicode" : "E127",
      "webcode" : "4547",
      "sjis" : "F767",
      "utf-8" : "EE84A7"
    },
    "140" : {
      "number" : "140",
      "unicode" : "E128",
      "webcode" : "4548",
      "sjis" : "F768",
      "utf-8" : "EE84A8"
    },
    "141" : {
      "number" : "141",
      "unicode" : "E129",
      "webcode" : "4549",
      "sjis" : "F769",
      "utf-8" : "EE84A9"
    },
    "142" : {
      "number" : "142",
      "unicode" : "E12A",
      "webcode" : "454a",
      "sjis" : "F76A",
      "utf-8" : "EE84AA"
    },
    "143" : {
      "number" : "143",
      "unicode" : "E12B",
      "webcode" : "454b",
      "sjis" : "F76B",
      "utf-8" : "EE84AB"
    },
    "144" : {
      "number" : "144",
      "unicode" : "E12C",
      "webcode" : "454c",
      "sjis" : "F76C",
      "utf-8" : "EE84AC"
    },
    "145" : {
      "number" : "145",
      "unicode" : "E12D",
      "webcode" : "454d",
      "sjis" : "F76D",
      "utf-8" : "EE84AD"
    },
    "146" : {
      "number" : "146",
      "unicode" : "E12E",
      "webcode" : "454e",
      "sjis" : "F76E",
      "utf-8" : "EE84AE"
    },
    "147" : {
      "number" : "147",
      "unicode" : "E12F",
      "webcode" : "454f",
      "sjis" : "F76F",
      "utf-8" : "EE84AF"
    },
    "148" : {
      "number" : "148",
      "unicode" : "E130",
      "webcode" : "4550",
      "sjis" : "F770",
      "utf-8" : "EE84B0"
    },
    "149" : {
      "number" : "149",
      "unicode" : "E131",
      "webcode" : "4551",
      "sjis" : "F771",
      "utf-8" : "EE84B1"
    },
    "150" : {
      "number" : "150",
      "unicode" : "E132",
      "webcode" : "4552",
      "sjis" : "F772",
      "utf-8" : "EE84B2"
    },
    "151" : {
      "number" : "151",
      "unicode" : "E133",
      "webcode" : "4553",
      "sjis" : "F773",
      "utf-8" : "EE84B3"
    },
    "152" : {
      "number" : "152",
      "unicode" : "E134",
      "webcode" : "4554",
      "sjis" : "F774",
      "utf-8" : "EE84B4"
    },
    "153" : {
      "number" : "153",
      "unicode" : "E135",
      "webcode" : "4555",
      "sjis" : "F775",
      "utf-8" : "EE84B5"
    },
    "154" : {
      "number" : "154",
      "unicode" : "E136",
      "webcode" : "4556",
      "sjis" : "F776",
      "utf-8" : "EE84B6"
    },
    "155" : {
      "number" : "155",
      "unicode" : "E137",
      "webcode" : "4557",
      "sjis" : "F777",
      "utf-8" : "EE84B7"
    },
    "156" : {
      "number" : "156",
      "unicode" : "E138",
      "webcode" : "4558",
      "sjis" : "F778",
      "utf-8" : "EE84B8"
    },
    "157" : {
      "number" : "157",
      "unicode" : "E139",
      "webcode" : "4559",
      "sjis" : "F779",
      "utf-8" : "EE84B9"
    },
    "158" : {
      "number" : "158",
      "unicode" : "E13A",
      "webcode" : "455a",
      "sjis" : "F77A",
      "utf-8" : "EE84BA"
    },
    "159" : {
      "number" : "159",
      "unicode" : "E13B",
      "webcode" : "455b",
      "sjis" : "F77B",
      "utf-8" : "EE84BB"
    },
    "160" : {
      "number" : "160",
      "unicode" : "E13C",
      "webcode" : "455c",
      "sjis" : "F77C",
      "utf-8" : "EE84BC"
    },
    "161" : {
      "number" : "161",
      "unicode" : "E13D",
      "webcode" : "455d",
      "sjis" : "F77D",
      "utf-8" : "EE84BD"
    },
    "162" : {
      "number" : "162",
      "unicode" : "E13E",
      "webcode" : "455e",
      "sjis" : "F77E",
      "utf-8" : "EE84BE"
    },
    "163" : {
      "number" : "163",
      "unicode" : "E13F",
      "webcode" : "455f",
      "sjis" : "F780",
      "utf-8" : "EE84BF"
    },
    "164" : {
      "number" : "164",
      "unicode" : "E140",
      "webcode" : "4560",
      "sjis" : "F781",
      "utf-8" : "EE8580"
    },
    "165" : {
      "number" : "165",
      "unicode" : "E141",
      "webcode" : "4561",
      "sjis" : "F782",
      "utf-8" : "EE8581"
    },
    "166" : {
      "number" : "166",
      "unicode" : "E142",
      "webcode" : "4562",
      "sjis" : "F783",
      "utf-8" : "EE8582"
    },
    "167" : {
      "number" : "167",
      "unicode" : "E143",
      "webcode" : "4563",
      "sjis" : "F784",
      "utf-8" : "EE8583"
    },
    "168" : {
      "number" : "168",
      "unicode" : "E144",
      "webcode" : "4564",
      "sjis" : "F785",
      "utf-8" : "EE8584"
    },
    "169" : {
      "number" : "169",
      "unicode" : "E145",
      "webcode" : "4565",
      "sjis" : "F786",
      "utf-8" : "EE8585"
    },
    "170" : {
      "number" : "170",
      "unicode" : "E146",
      "webcode" : "4566",
      "sjis" : "F787",
      "utf-8" : "EE8586"
    },
    "171" : {
      "number" : "171",
      "unicode" : "E147",
      "webcode" : "4567",
      "sjis" : "F788",
      "utf-8" : "EE8587"
    },
    "172" : {
      "number" : "172",
      "unicode" : "E148",
      "webcode" : "4568",
      "sjis" : "F789",
      "utf-8" : "EE8588"
    },
    "173" : {
      "number" : "173",
      "unicode" : "E149",
      "webcode" : "4569",
      "sjis" : "F78A",
      "utf-8" : "EE8589"
    },
    "174" : {
      "number" : "174",
      "unicode" : "E14A",
      "webcode" : "456a",
      "sjis" : "F78B",
      "utf-8" : "EE858A"
    },
    "175" : {
      "number" : "175",
      "unicode" : "E14B",
      "webcode" : "456b",
      "sjis" : "F78C",
      "utf-8" : "EE858B"
    },
    "176" : {
      "number" : "176",
      "unicode" : "E14C",
      "webcode" : "456c",
      "sjis" : "F78D",
      "utf-8" : "EE858C"
    },
    "177" : {
      "number" : "177",
      "unicode" : "E14D",
      "webcode" : "456d",
      "sjis" : "F78E",
      "utf-8" : "EE858D"
    },
    "178" : {
      "number" : "178",
      "unicode" : "E14E",
      "webcode" : "456e",
      "sjis" : "F78F",
      "utf-8" : "EE858E"
    },
    "179" : {
      "number" : "179",
      "unicode" : "E14F",
      "webcode" : "456f",
      "sjis" : "F790",
      "utf-8" : "EE858F"
    },
    "180" : {
      "number" : "180",
      "unicode" : "E150",
      "webcode" : "4570",
      "sjis" : "F791",
      "utf-8" : "EE8590"
    },
    "181" : {
      "number" : "181",
      "unicode" : "E151",
      "webcode" : "4571",
      "sjis" : "F792",
      "utf-8" : "EE8591"
    },
    "182" : {
      "number" : "182",
      "unicode" : "E152",
      "webcode" : "4572",
      "sjis" : "F793",
      "utf-8" : "EE8592"
    },
    "183" : {
      "number" : "183",
      "unicode" : "E153",
      "webcode" : "4573",
      "sjis" : "F794",
      "utf-8" : "EE8593"
    },
    "184" : {
      "number" : "184",
      "unicode" : "E154",
      "webcode" : "4574",
      "sjis" : "F795",
      "utf-8" : "EE8594"
    },
    "185" : {
      "number" : "185",
      "unicode" : "E155",
      "webcode" : "4575",
      "sjis" : "F796",
      "utf-8" : "EE8595"
    },
    "186" : {
      "number" : "186",
      "unicode" : "E156",
      "webcode" : "4576",
      "sjis" : "F797",
      "utf-8" : "EE8596"
    },
    "187" : {
      "number" : "187",
      "unicode" : "E157",
      "webcode" : "4577",
      "sjis" : "F798",
      "utf-8" : "EE8597"
    },
    "188" : {
      "number" : "188",
      "unicode" : "E158",
      "webcode" : "4578",
      "sjis" : "F799",
      "utf-8" : "EE8598"
    },
    "189" : {
      "number" : "189",
      "unicode" : "E159",
      "webcode" : "4579",
      "sjis" : "F79A",
      "utf-8" : "EE8599"
    },
    "190" : {
      "number" : "190",
      "unicode" : "E15A",
      "webcode" : "457a",
      "sjis" : "F79B",
      "utf-8" : "EE859A"
    },
    "201" : {
      "number" : "201",
      "unicode" : "E201",
      "webcode" : "4621",
      "sjis" : "F7A1",
      "utf-8" : "EE8881"
    },
    "202" : {
      "number" : "202",
      "unicode" : "E202",
      "webcode" : "4622",
      "sjis" : "F7A2",
      "utf-8" : "EE8882"
    },
    "203" : {
      "number" : "203",
      "unicode" : "E203",
      "webcode" : "4623",
      "sjis" : "F7A3",
      "utf-8" : "EE8883"
    },
    "204" : {
      "number" : "204",
      "unicode" : "E204",
      "webcode" : "4624",
      "sjis" : "F7A4",
      "utf-8" : "EE8884"
    },
    "205" : {
      "number" : "205",
      "unicode" : "E205",
      "webcode" : "4625",
      "sjis" : "F7A5",
      "utf-8" : "EE8885"
    },
    "206" : {
      "number" : "206",
      "unicode" : "E206",
      "webcode" : "4626",
      "sjis" : "F7A6",
      "utf-8" : "EE8886"
    },
    "207" : {
      "number" : "207",
      "unicode" : "E207",
      "webcode" : "4627",
      "sjis" : "F7A7",
      "utf-8" : "EE8887"
    },
    "208" : {
      "number" : "208",
      "unicode" : "E208",
      "webcode" : "4628",
      "sjis" : "F7A8",
      "utf-8" : "EE8888"
    },
    "209" : {
      "number" : "209",
      "unicode" : "E209",
      "webcode" : "4629",
      "sjis" : "F7A9",
      "utf-8" : "EE8889"
    },
    "210" : {
      "number" : "210",
      "unicode" : "E20A",
      "webcode" : "462a",
      "sjis" : "F7AA",
      "utf-8" : "EE888A"
    },
    "211" : {
      "number" : "211",
      "unicode" : "E20B",
      "webcode" : "462b",
      "sjis" : "F7AB",
      "utf-8" : "EE888B"
    },
    "212" : {
      "number" : "212",
      "unicode" : "E20C",
      "webcode" : "462c",
      "sjis" : "F7AC",
      "utf-8" : "EE888C"
    },
    "213" : {
      "number" : "213",
      "unicode" : "E20D",
      "webcode" : "462d",
      "sjis" : "F7AD",
      "utf-8" : "EE888D"
    },
    "214" : {
      "number" : "214",
      "unicode" : "E20E",
      "webcode" : "462e",
      "sjis" : "F7AE",
      "utf-8" : "EE888E"
    },
    "215" : {
      "number" : "215",
      "unicode" : "E20F",
      "webcode" : "462f",
      "sjis" : "F7AF",
      "utf-8" : "EE888F"
    },
    "216" : {
      "number" : "216",
      "unicode" : "E210",
      "webcode" : "4630",
      "sjis" : "F7B0",
      "utf-8" : "EE8890"
    },
    "217" : {
      "number" : "217",
      "unicode" : "E211",
      "webcode" : "4631",
      "sjis" : "F7B1",
      "utf-8" : "EE8891"
    },
    "218" : {
      "number" : "218",
      "unicode" : "E212",
      "webcode" : "4632",
      "sjis" : "F7B2",
      "utf-8" : "EE8892"
    },
    "219" : {
      "number" : "219",
      "unicode" : "E213",
      "webcode" : "4633",
      "sjis" : "F7B3",
      "utf-8" : "EE8893"
    },
    "220" : {
      "number" : "220",
      "unicode" : "E214",
      "webcode" : "4634",
      "sjis" : "F7B4",
      "utf-8" : "EE8894"
    },
    "221" : {
      "number" : "221",
      "unicode" : "E215",
      "webcode" : "4635",
      "sjis" : "F7B5",
      "utf-8" : "EE8895"
    },
    "222" : {
      "number" : "222",
      "unicode" : "E216",
      "webcode" : "4636",
      "sjis" : "F7B6",
      "utf-8" : "EE8896"
    },
    "223" : {
      "number" : "223",
      "unicode" : "E217",
      "webcode" : "4637",
      "sjis" : "F7B7",
      "utf-8" : "EE8897"
    },
    "224" : {
      "number" : "224",
      "unicode" : "E218",
      "webcode" : "4638",
      "sjis" : "F7B8",
      "utf-8" : "EE8898"
    },
    "225" : {
      "number" : "225",
      "unicode" : "E219",
      "webcode" : "4639",
      "sjis" : "F7B9",
      "utf-8" : "EE8899"
    },
    "226" : {
      "number" : "226",
      "unicode" : "E21A",
      "webcode" : "463a",
      "sjis" : "F7BA",
      "utf-8" : "EE889A"
    },
    "227" : {
      "number" : "227",
      "unicode" : "E21B",
      "webcode" : "463b",
      "sjis" : "F7BB",
      "utf-8" : "EE889B"
    },
    "228" : {
      "number" : "228",
      "unicode" : "E21C",
      "webcode" : "463c",
      "sjis" : "F7BC",
      "utf-8" : "EE889C"
    },
    "229" : {
      "number" : "229",
      "unicode" : "E21D",
      "webcode" : "463d",
      "sjis" : "F7BD",
      "utf-8" : "EE889D"
    },
    "230" : {
      "number" : "230",
      "unicode" : "E21E",
      "webcode" : "463e",
      "sjis" : "F7BE",
      "utf-8" : "EE889E"
    },
    "231" : {
      "number" : "231",
      "unicode" : "E21F",
      "webcode" : "463f",
      "sjis" : "F7BF",
      "utf-8" : "EE889F"
    },
    "232" : {
      "number" : "232",
      "unicode" : "E220",
      "webcode" : "4640",
      "sjis" : "F7C0",
      "utf-8" : "EE88A0"
    },
    "233" : {
      "number" : "233",
      "unicode" : "E221",
      "webcode" : "4641",
      "sjis" : "F7C1",
      "utf-8" : "EE88A1"
    },
    "234" : {
      "number" : "234",
      "unicode" : "E222",
      "webcode" : "4642",
      "sjis" : "F7C2",
      "utf-8" : "EE88A2"
    },
    "235" : {
      "number" : "235",
      "unicode" : "E223",
      "webcode" : "4643",
      "sjis" : "F7C3",
      "utf-8" : "EE88A3"
    },
    "236" : {
      "number" : "236",
      "unicode" : "E224",
      "webcode" : "4644",
      "sjis" : "F7C4",
      "utf-8" : "EE88A4"
    },
    "237" : {
      "number" : "237",
      "unicode" : "E225",
      "webcode" : "4645",
      "sjis" : "F7C5",
      "utf-8" : "EE88A5"
    },
    "238" : {
      "number" : "238",
      "unicode" : "E226",
      "webcode" : "4646",
      "sjis" : "F7C6",
      "utf-8" : "EE88A6"
    },
    "239" : {
      "number" : "239",
      "unicode" : "E227",
      "webcode" : "4647",
      "sjis" : "F7C7",
      "utf-8" : "EE88A7"
    },
    "240" : {
      "number" : "240",
      "unicode" : "E228",
      "webcode" : "4648",
      "sjis" : "F7C8",
      "utf-8" : "EE88A8"
    },
    "241" : {
      "number" : "241",
      "unicode" : "E229",
      "webcode" : "4649",
      "sjis" : "F7C9",
      "utf-8" : "EE88A9"
    },
    "242" : {
      "number" : "242",
      "unicode" : "E22A",
      "webcode" : "464a",
      "sjis" : "F7CA",
      "utf-8" : "EE88AA"
    },
    "243" : {
      "number" : "243",
      "unicode" : "E22B",
      "webcode" : "464b",
      "sjis" : "F7CB",
      "utf-8" : "EE88AB"
    },
    "244" : {
      "number" : "244",
      "unicode" : "E22C",
      "webcode" : "464c",
      "sjis" : "F7CC",
      "utf-8" : "EE88AC"
    },
    "245" : {
      "number" : "245",
      "unicode" : "E22D",
      "webcode" : "464d",
      "sjis" : "F7CD",
      "utf-8" : "EE88AD"
    },
    "246" : {
      "number" : "246",
      "unicode" : "E22E",
      "webcode" : "464e",
      "sjis" : "F7CE",
      "utf-8" : "EE88AE"
    },
    "247" : {
      "number" : "247",
      "unicode" : "E22F",
      "webcode" : "464f",
      "sjis" : "F7CF",
      "utf-8" : "EE88AF"
    },
    "248" : {
      "number" : "248",
      "unicode" : "E230",
      "webcode" : "4650",
      "sjis" : "F7D0",
      "utf-8" : "EE88B0"
    },
    "249" : {
      "number" : "249",
      "unicode" : "E231",
      "webcode" : "4651",
      "sjis" : "F7D1",
      "utf-8" : "EE88B1"
    },
    "250" : {
      "number" : "250",
      "unicode" : "E232",
      "webcode" : "4652",
      "sjis" : "F7D2",
      "utf-8" : "EE88B2"
    },
    "251" : {
      "number" : "251",
      "unicode" : "E233",
      "webcode" : "4653",
      "sjis" : "F7D3",
      "utf-8" : "EE88B3"
    },
    "252" : {
      "number" : "252",
      "unicode" : "E234",
      "webcode" : "4654",
      "sjis" : "F7D4",
      "utf-8" : "EE88B4"
    },
    "253" : {
      "number" : "253",
      "unicode" : "E235",
      "webcode" : "4655",
      "sjis" : "F7D5",
      "utf-8" : "EE88B5"
    },
    "254" : {
      "number" : "254",
      "unicode" : "E236",
      "webcode" : "4656",
      "sjis" : "F7D6",
      "utf-8" : "EE88B6"
    },
    "255" : {
      "number" : "255",
      "unicode" : "E237",
      "webcode" : "4657",
      "sjis" : "F7D7",
      "utf-8" : "EE88B7"
    },
    "256" : {
      "number" : "256",
      "unicode" : "E238",
      "webcode" : "4658",
      "sjis" : "F7D8",
      "utf-8" : "EE88B8"
    },
    "257" : {
      "number" : "257",
      "unicode" : "E239",
      "webcode" : "4659",
      "sjis" : "F7D9",
      "utf-8" : "EE88B9"
    },
    "258" : {
      "number" : "258",
      "unicode" : "E23A",
      "webcode" : "465a",
      "sjis" : "F7DA",
      "utf-8" : "EE88BA"
    },
    "259" : {
      "number" : "259",
      "unicode" : "E23B",
      "webcode" : "465b",
      "sjis" : "F7DB",
      "utf-8" : "EE88BB"
    },
    "260" : {
      "number" : "260",
      "unicode" : "E23C",
      "webcode" : "465c",
      "sjis" : "F7DC",
      "utf-8" : "EE88BC"
    },
    "261" : {
      "number" : "261",
      "unicode" : "E23D",
      "webcode" : "465d",
      "sjis" : "F7DD",
      "utf-8" : "EE88BD"
    },
    "262" : {
      "number" : "262",
      "unicode" : "E23E",
      "webcode" : "465e",
      "sjis" : "F7DE",
      "utf-8" : "EE88BE"
    },
    "263" : {
      "number" : "263",
      "unicode" : "E23F",
      "webcode" : "465f",
      "sjis" : "F7DF",
      "utf-8" : "EE88BF"
    },
    "264" : {
      "number" : "264",
      "unicode" : "E240",
      "webcode" : "4660",
      "sjis" : "F7E0",
      "utf-8" : "EE8980"
    },
    "265" : {
      "number" : "265",
      "unicode" : "E241",
      "webcode" : "4661",
      "sjis" : "F7E1",
      "utf-8" : "EE8981"
    },
    "266" : {
      "number" : "266",
      "unicode" : "E242",
      "webcode" : "4662",
      "sjis" : "F7E2",
      "utf-8" : "EE8982"
    },
    "267" : {
      "number" : "267",
      "unicode" : "E243",
      "webcode" : "4663",
      "sjis" : "F7E3",
      "utf-8" : "EE8983"
    },
    "268" : {
      "number" : "268",
      "unicode" : "E244",
      "webcode" : "4664",
      "sjis" : "F7E4",
      "utf-8" : "EE8984"
    },
    "269" : {
      "number" : "269",
      "unicode" : "E245",
      "webcode" : "4665",
      "sjis" : "F7E5",
      "utf-8" : "EE8985"
    },
    "270" : {
      "number" : "270",
      "unicode" : "E246",
      "webcode" : "4666",
      "sjis" : "F7E6",
      "utf-8" : "EE8986"
    },
    "271" : {
      "number" : "271",
      "unicode" : "E247",
      "webcode" : "4667",
      "sjis" : "F7E7",
      "utf-8" : "EE8987"
    },
    "272" : {
      "number" : "272",
      "unicode" : "E248",
      "webcode" : "4668",
      "sjis" : "F7E8",
      "utf-8" : "EE8988"
    },
    "273" : {
      "number" : "273",
      "unicode" : "E249",
      "webcode" : "4669",
      "sjis" : "F7E9",
      "utf-8" : "EE8989"
    },
    "274" : {
      "number" : "274",
      "unicode" : "E24A",
      "webcode" : "466a",
      "sjis" : "F7EA",
      "utf-8" : "EE898A"
    },
    "275" : {
      "number" : "275",
      "unicode" : "E24B",
      "webcode" : "466b",
      "sjis" : "F7EB",
      "utf-8" : "EE898B"
    },
    "276" : {
      "number" : "276",
      "unicode" : "E24C",
      "webcode" : "466c",
      "sjis" : "F7EC",
      "utf-8" : "EE898C"
    },
    "277" : {
      "number" : "277",
      "unicode" : "E24D",
      "webcode" : "466d",
      "sjis" : "F7ED",
      "utf-8" : "EE898D"
    },
    "278" : {
      "number" : "278",
      "unicode" : "E24E",
      "webcode" : "466e",
      "sjis" : "F7EE",
      "utf-8" : "EE898E"
    },
    "279" : {
      "number" : "279",
      "unicode" : "E24F",
      "webcode" : "466f",
      "sjis" : "F7EF",
      "utf-8" : "EE898F"
    },
    "280" : {
      "number" : "280",
      "unicode" : "E250",
      "webcode" : "4670",
      "sjis" : "F7F0",
      "utf-8" : "EE8990"
    },
    "281" : {
      "number" : "281",
      "unicode" : "E251",
      "webcode" : "4671",
      "sjis" : "F7F1",
      "utf-8" : "EE8991"
    },
    "282" : {
      "number" : "282",
      "unicode" : "E252",
      "webcode" : "4672",
      "sjis" : "F7F2",
      "utf-8" : "EE8992"
    },
    "283" : {
      "number" : "283",
      "unicode" : "E253",
      "webcode" : "4673",
      "sjis" : "F7F3",
      "utf-8" : "EE8993"
    },
    "284" : {
      "number" : "284",
      "unicode" : "E254",
      "webcode" : "4674",
      "sjis" : "",
      "utf-8" : "EE8994"
    },
    "285" : {
      "number" : "285",
      "unicode" : "E255",
      "webcode" : "4675",
      "sjis" : "",
      "utf-8" : "EE8995"
    },
    "286" : {
      "number" : "286",
      "unicode" : "E256",
      "webcode" : "4676",
      "sjis" : "",
      "utf-8" : "EE8996"
    },
    "287" : {
      "number" : "287",
      "unicode" : "E257",
      "webcode" : "4677",
      "sjis" : "",
      "utf-8" : "EE8997"
    },
    "288" : {
      "number" : "288",
      "unicode" : "E258",
      "webcode" : "4678",
      "sjis" : "",
      "utf-8" : "EE8998"
    },
    "289" : {
      "number" : "289",
      "unicode" : "E259",
      "webcode" : "4679",
      "sjis" : "",
      "utf-8" : "EE8999"
    },
    "290" : {
      "number" : "290",
      "unicode" : "E25A",
      "webcode" : "467A",
      "sjis" : "",
      "utf-8" : "EE899A"
    },
    "301" : {
      "number" : "301",
      "unicode" : "E301",
      "webcode" : "4f21",
      "sjis" : "F9A1",
      "utf-8" : "EE8C81"
    },
    "302" : {
      "number" : "302",
      "unicode" : "E302",
      "webcode" : "4f22",
      "sjis" : "F9A2",
      "utf-8" : "EE8C82"
    },
    "303" : {
      "number" : "303",
      "unicode" : "E303",
      "webcode" : "4f23",
      "sjis" : "F9A3",
      "utf-8" : "EE8C83"
    },
    "304" : {
      "number" : "304",
      "unicode" : "E304",
      "webcode" : "4f24",
      "sjis" : "F9A4",
      "utf-8" : "EE8C84"
    },
    "305" : {
      "number" : "305",
      "unicode" : "E305",
      "webcode" : "4f25",
      "sjis" : "F9A5",
      "utf-8" : "EE8C85"
    },
    "306" : {
      "number" : "306",
      "unicode" : "E306",
      "webcode" : "4f26",
      "sjis" : "F9A6",
      "utf-8" : "EE8C86"
    },
    "307" : {
      "number" : "307",
      "unicode" : "E307",
      "webcode" : "4f27",
      "sjis" : "F9A7",
      "utf-8" : "EE8C87"
    },
    "308" : {
      "number" : "308",
      "unicode" : "E308",
      "webcode" : "4f28",
      "sjis" : "F9A8",
      "utf-8" : "EE8C88"
    },
    "309" : {
      "number" : "309",
      "unicode" : "E309",
      "webcode" : "4f29",
      "sjis" : "F9A9",
      "utf-8" : "EE8C89"
    },
    "310" : {
      "number" : "310",
      "unicode" : "E30A",
      "webcode" : "4f2a",
      "sjis" : "F9AA",
      "utf-8" : "EE8C8A"
    },
    "311" : {
      "number" : "311",
      "unicode" : "E30B",
      "webcode" : "4f2b",
      "sjis" : "F9AB",
      "utf-8" : "EE8C8B"
    },
    "312" : {
      "number" : "312",
      "unicode" : "E30C",
      "webcode" : "4f2c",
      "sjis" : "F9AC",
      "utf-8" : "EE8C8C"
    },
    "313" : {
      "number" : "313",
      "unicode" : "E30D",
      "webcode" : "4f2d",
      "sjis" : "F9AD",
      "utf-8" : "EE8C8D"
    },
    "314" : {
      "number" : "314",
      "unicode" : "E30E",
      "webcode" : "4f2e",
      "sjis" : "F9AE",
      "utf-8" : "EE8C8E"
    },
    "315" : {
      "number" : "315",
      "unicode" : "E30F",
      "webcode" : "4f2f",
      "sjis" : "F9AF",
      "utf-8" : "EE8C8F"
    },
    "316" : {
      "number" : "316",
      "unicode" : "E310",
      "webcode" : "4f30",
      "sjis" : "F9B0",
      "utf-8" : "EE8C90"
    },
    "317" : {
      "number" : "317",
      "unicode" : "E311",
      "webcode" : "4f31",
      "sjis" : "F9B1",
      "utf-8" : "EE8C91"
    },
    "318" : {
      "number" : "318",
      "unicode" : "E312",
      "webcode" : "4f32",
      "sjis" : "F9B2",
      "utf-8" : "EE8C92"
    },
    "319" : {
      "number" : "319",
      "unicode" : "E313",
      "webcode" : "4f33",
      "sjis" : "F9B3",
      "utf-8" : "EE8C93"
    },
    "320" : {
      "number" : "320",
      "unicode" : "E314",
      "webcode" : "4f34",
      "sjis" : "F9B4",
      "utf-8" : "EE8C94"
    },
    "321" : {
      "number" : "321",
      "unicode" : "E315",
      "webcode" : "4f35",
      "sjis" : "F9B5",
      "utf-8" : "EE8C95"
    },
    "322" : {
      "number" : "322",
      "unicode" : "E316",
      "webcode" : "4f36",
      "sjis" : "F9B6",
      "utf-8" : "EE8C96"
    },
    "323" : {
      "number" : "323",
      "unicode" : "E317",
      "webcode" : "4f37",
      "sjis" : "F9B7",
      "utf-8" : "EE8C97"
    },
    "324" : {
      "number" : "324",
      "unicode" : "E318",
      "webcode" : "4f38",
      "sjis" : "F9B8",
      "utf-8" : "EE8C98"
    },
    "325" : {
      "number" : "325",
      "unicode" : "E319",
      "webcode" : "4f39",
      "sjis" : "F9B9",
      "utf-8" : "EE8C99"
    },
    "326" : {
      "number" : "326",
      "unicode" : "E31A",
      "webcode" : "4f3a",
      "sjis" : "F9BA",
      "utf-8" : "EE8C9A"
    },
    "327" : {
      "number" : "327",
      "unicode" : "E31B",
      "webcode" : "4f3b",
      "sjis" : "F9BB",
      "utf-8" : "EE8C9B"
    },
    "328" : {
      "number" : "328",
      "unicode" : "E31C",
      "webcode" : "4f",
      "sjis" : "F9BC",
      "utf-8" : "EE8C9C"
    },
    "329" : {
      "number" : "329",
      "unicode" : "E31D",
      "webcode" : "4f3d",
      "sjis" : "F9BD",
      "utf-8" : "EE8C9D"
    },
    "330" : {
      "number" : "330",
      "unicode" : "E31E",
      "webcode" : "4f3e",
      "sjis" : "F9BE",
      "utf-8" : "EE8C9E"
    },
    "331" : {
      "number" : "331",
      "unicode" : "E31F",
      "webcode" : "4f3f",
      "sjis" : "F9BF",
      "utf-8" : "EE8C9F"
    },
    "332" : {
      "number" : "332",
      "unicode" : "E320",
      "webcode" : "4f40",
      "sjis" : "F9C0",
      "utf-8" : "EE8CA0"
    },
    "333" : {
      "number" : "333",
      "unicode" : "E321",
      "webcode" : "4f41",
      "sjis" : "F9C1",
      "utf-8" : "EE8CA1"
    },
    "334" : {
      "number" : "334",
      "unicode" : "E322",
      "webcode" : "4f42",
      "sjis" : "F9C2",
      "utf-8" : "EE8CA2"
    },
    "335" : {
      "number" : "335",
      "unicode" : "E323",
      "webcode" : "4f43",
      "sjis" : "F9C3",
      "utf-8" : "EE8CA3"
    },
    "336" : {
      "number" : "336",
      "unicode" : "E324",
      "webcode" : "4f44",
      "sjis" : "F9C4",
      "utf-8" : "EE8CA4"
    },
    "337" : {
      "number" : "337",
      "unicode" : "E325",
      "webcode" : "4f45",
      "sjis" : "F9C5",
      "utf-8" : "EE8CA5"
    },
    "338" : {
      "number" : "338",
      "unicode" : "E326",
      "webcode" : "4f46",
      "sjis" : "F9C6",
      "utf-8" : "EE8CA6"
    },
    "339" : {
      "number" : "339",
      "unicode" : "E327",
      "webcode" : "4f47",
      "sjis" : "F9C7",
      "utf-8" : "EE8CA7"
    },
    "340" : {
      "number" : "340",
      "unicode" : "E328",
      "webcode" : "4f48",
      "sjis" : "F9C8",
      "utf-8" : "EE8CA8"
    },
    "341" : {
      "number" : "341",
      "unicode" : "E329",
      "webcode" : "4f49",
      "sjis" : "F9C9",
      "utf-8" : "EE8CA9"
    },
    "342" : {
      "number" : "342",
      "unicode" : "E32A",
      "webcode" : "4f4a",
      "sjis" : "F9CA",
      "utf-8" : "EE8CAA"
    },
    "343" : {
      "number" : "343",
      "unicode" : "E32B",
      "webcode" : "4f4b",
      "sjis" : "F9CB",
      "utf-8" : "EE8CAB"
    },
    "344" : {
      "number" : "344",
      "unicode" : "E32C",
      "webcode" : "4f4c",
      "sjis" : "F9CC",
      "utf-8" : "EE8CAC"
    },
    "345" : {
      "number" : "345",
      "unicode" : "E32D",
      "webcode" : "4f4d",
      "sjis" : "F9CD",
      "utf-8" : "EE8CAD"
    },
    "346" : {
      "number" : "346",
      "unicode" : "E32E",
      "webcode" : "4f4e",
      "sjis" : "F9CE",
      "utf-8" : "EE8CAE"
    },
    "347" : {
      "number" : "347",
      "unicode" : "E32F",
      "webcode" : "4f4f",
      "sjis" : "F9CF",
      "utf-8" : "EE8CAF"
    },
    "348" : {
      "number" : "348",
      "unicode" : "E330",
      "webcode" : "4f50",
      "sjis" : "F9D0",
      "utf-8" : "EE8CB0"
    },
    "349" : {
      "number" : "349",
      "unicode" : "E331",
      "webcode" : "4f51",
      "sjis" : "F9D1",
      "utf-8" : "EE8CB1"
    },
    "350" : {
      "number" : "350",
      "unicode" : "E332",
      "webcode" : "4f52",
      "sjis" : "F9D2",
      "utf-8" : "EE8CB2"
    },
    "351" : {
      "number" : "351",
      "unicode" : "E333",
      "webcode" : "4f53",
      "sjis" : "F9D3",
      "utf-8" : "EE8CB3"
    },
    "352" : {
      "number" : "352",
      "unicode" : "E334",
      "webcode" : "4f54",
      "sjis" : "F9D4",
      "utf-8" : "EE8CB4"
    },
    "353" : {
      "number" : "353",
      "unicode" : "E335",
      "webcode" : "4f55",
      "sjis" : "F9D5",
      "utf-8" : "EE8CB5"
    },
    "354" : {
      "number" : "354",
      "unicode" : "E336",
      "webcode" : "4f56",
      "sjis" : "F9D6",
      "utf-8" : "EE8CB6"
    },
    "355" : {
      "number" : "355",
      "unicode" : "E337",
      "webcode" : "4f57",
      "sjis" : "F9D7",
      "utf-8" : "EE8CB7"
    },
    "356" : {
      "number" : "356",
      "unicode" : "E338",
      "webcode" : "4f58",
      "sjis" : "F9D8",
      "utf-8" : "EE8CB8"
    },
    "357" : {
      "number" : "357",
      "unicode" : "E339",
      "webcode" : "4f59",
      "sjis" : "F9D9",
      "utf-8" : "EE8CB9"
    },
    "358" : {
      "number" : "358",
      "unicode" : "E33A",
      "webcode" : "4f5a",
      "sjis" : "F9DA",
      "utf-8" : "EE8CBA"
    },
    "359" : {
      "number" : "359",
      "unicode" : "E33B",
      "webcode" : "4f5b",
      "sjis" : "F9DB",
      "utf-8" : "EE8CBB"
    },
    "360" : {
      "number" : "360",
      "unicode" : "E33C",
      "webcode" : "4f5c",
      "sjis" : "F9DC",
      "utf-8" : "EE8CBC"
    },
    "361" : {
      "number" : "361",
      "unicode" : "E33D",
      "webcode" : "4f5d",
      "sjis" : "F9DD",
      "utf-8" : "EE8CBD"
    },
    "362" : {
      "number" : "362",
      "unicode" : "E33E",
      "webcode" : "4f5e",
      "sjis" : "F9DE",
      "utf-8" : "EE8CBE"
    },
    "363" : {
      "number" : "363",
      "unicode" : "E33F",
      "webcode" : "4f5f",
      "sjis" : "F9DF",
      "utf-8" : "EE8CBF"
    },
    "364" : {
      "number" : "364",
      "unicode" : "E340",
      "webcode" : "4f60",
      "sjis" : "F9E0",
      "utf-8" : "EE8D80"
    },
    "365" : {
      "number" : "365",
      "unicode" : "E341",
      "webcode" : "4f61",
      "sjis" : "F9E1",
      "utf-8" : "EE8D81"
    },
    "366" : {
      "number" : "366",
      "unicode" : "E342",
      "webcode" : "4f62",
      "sjis" : "F9E2",
      "utf-8" : "EE8D82"
    },
    "367" : {
      "number" : "367",
      "unicode" : "E343",
      "webcode" : "4f63",
      "sjis" : "F9E3",
      "utf-8" : "EE8D83"
    },
    "368" : {
      "number" : "368",
      "unicode" : "E344",
      "webcode" : "4f64",
      "sjis" : "F9E4",
      "utf-8" : "EE8D84"
    },
    "369" : {
      "number" : "369",
      "unicode" : "E345",
      "webcode" : "4f65",
      "sjis" : "F9E5",
      "utf-8" : "EE8D85"
    },
    "370" : {
      "number" : "370",
      "unicode" : "E346",
      "webcode" : "4f66",
      "sjis" : "F9E6",
      "utf-8" : "EE8D86"
    },
    "371" : {
      "number" : "371",
      "unicode" : "E347",
      "webcode" : "4f67",
      "sjis" : "F9E7",
      "utf-8" : "EE8D87"
    },
    "372" : {
      "number" : "372",
      "unicode" : "E348",
      "webcode" : "4f68",
      "sjis" : "F9E8",
      "utf-8" : "EE8D88"
    },
    "373" : {
      "number" : "373",
      "unicode" : "E349",
      "webcode" : "4f69",
      "sjis" : "F9E9",
      "utf-8" : "EE8D89"
    },
    "374" : {
      "number" : "374",
      "unicode" : "E34A",
      "webcode" : "4f6a",
      "sjis" : "F9EA",
      "utf-8" : "EE8D8A"
    },
    "375" : {
      "number" : "375",
      "unicode" : "E34B",
      "webcode" : "4f6b",
      "sjis" : "F9EB",
      "utf-8" : "EE8D8B"
    },
    "376" : {
      "number" : "376",
      "unicode" : "E34C",
      "webcode" : "4f6c",
      "sjis" : "F9EC",
      "utf-8" : "EE8D8C"
    },
    "377" : {
      "number" : "377",
      "unicode" : "E34D",
      "webcode" : "4f6d",
      "sjis" : "F9ED",
      "utf-8" : "EE8D8D"
    },
    "401" : {
      "number" : "401",
      "unicode" : "E401",
      "webcode" : "5021",
      "sjis" : "FB41",
      "utf-8" : "EE9081"
    },
    "402" : {
      "number" : "402",
      "unicode" : "E402",
      "webcode" : "5022",
      "sjis" : "FB42",
      "utf-8" : "EE9082"
    },
    "403" : {
      "number" : "403",
      "unicode" : "E403",
      "webcode" : "5023",
      "sjis" : "FB43",
      "utf-8" : "EE9083"
    },
    "404" : {
      "number" : "404",
      "unicode" : "E404",
      "webcode" : "5024",
      "sjis" : "FB44",
      "utf-8" : "EE9084"
    },
    "405" : {
      "number" : "405",
      "unicode" : "E405",
      "webcode" : "5025",
      "sjis" : "FB45",
      "utf-8" : "EE9085"
    },
    "406" : {
      "number" : "406",
      "unicode" : "E406",
      "webcode" : "5026",
      "sjis" : "FB46",
      "utf-8" : "EE9086"
    },
    "407" : {
      "number" : "407",
      "unicode" : "E407",
      "webcode" : "5027",
      "sjis" : "FB47",
      "utf-8" : "EE9087"
    },
    "408" : {
      "number" : "408",
      "unicode" : "E408",
      "webcode" : "5028",
      "sjis" : "FB48",
      "utf-8" : "EE9088"
    },
    "409" : {
      "number" : "409",
      "unicode" : "E409",
      "webcode" : "5029",
      "sjis" : "FB49",
      "utf-8" : "EE9089"
    },
    "410" : {
      "number" : "410",
      "unicode" : "E40A",
      "webcode" : "502a",
      "sjis" : "FB4A",
      "utf-8" : "EE908A"
    },
    "411" : {
      "number" : "411",
      "unicode" : "E40B",
      "webcode" : "502b",
      "sjis" : "FB4B",
      "utf-8" : "EE908B"
    },
    "412" : {
      "number" : "412",
      "unicode" : "E40C",
      "webcode" : "502c",
      "sjis" : "FB4C",
      "utf-8" : "EE908C"
    },
    "413" : {
      "number" : "413",
      "unicode" : "E40D",
      "webcode" : "502d",
      "sjis" : "FB4D",
      "utf-8" : "EE908D"
    },
    "414" : {
      "number" : "414",
      "unicode" : "E40E",
      "webcode" : "502e",
      "sjis" : "FB4E",
      "utf-8" : "EE908E"
    },
    "415" : {
      "number" : "415",
      "unicode" : "E40F",
      "webcode" : "502f",
      "sjis" : "FB4F",
      "utf-8" : "EE908F"
    },
    "416" : {
      "number" : "416",
      "unicode" : "E410",
      "webcode" : "5030",
      "sjis" : "FB50",
      "utf-8" : "EE9090"
    },
    "417" : {
      "number" : "417",
      "unicode" : "E411",
      "webcode" : "5031",
      "sjis" : "FB51",
      "utf-8" : "EE9091"
    },
    "418" : {
      "number" : "418",
      "unicode" : "E412",
      "webcode" : "5032",
      "sjis" : "FB52",
      "utf-8" : "EE9092"
    },
    "419" : {
      "number" : "419",
      "unicode" : "E413",
      "webcode" : "5033",
      "sjis" : "FB53",
      "utf-8" : "EE9093"
    },
    "420" : {
      "number" : "420",
      "unicode" : "E414",
      "webcode" : "5034",
      "sjis" : "FB54",
      "utf-8" : "EE9094"
    },
    "421" : {
      "number" : "421",
      "unicode" : "E415",
      "webcode" : "5035",
      "sjis" : "FB55",
      "utf-8" : "EE9095"
    },
    "422" : {
      "number" : "422",
      "unicode" : "E416",
      "webcode" : "5036",
      "sjis" : "FB56",
      "utf-8" : "EE9096"
    },
    "423" : {
      "number" : "423",
      "unicode" : "E417",
      "webcode" : "5037",
      "sjis" : "FB57",
      "utf-8" : "EE9097"
    },
    "424" : {
      "number" : "424",
      "unicode" : "E418",
      "webcode" : "5038",
      "sjis" : "FB58",
      "utf-8" : "EE9098"
    },
    "425" : {
      "number" : "425",
      "unicode" : "E419",
      "webcode" : "5039",
      "sjis" : "FB59",
      "utf-8" : "EE9099"
    },
    "426" : {
      "number" : "426",
      "unicode" : "E41A",
      "webcode" : "503a",
      "sjis" : "FB5A",
      "utf-8" : "EE909A"
    },
    "427" : {
      "number" : "427",
      "unicode" : "E41B",
      "webcode" : "503b",
      "sjis" : "FB5B",
      "utf-8" : "EE909B"
    },
    "428" : {
      "number" : "428",
      "unicode" : "E41C",
      "webcode" : "50",
      "sjis" : "FB5C",
      "utf-8" : "EE909C"
    },
    "429" : {
      "number" : "429",
      "unicode" : "E41D",
      "webcode" : "503d",
      "sjis" : "FB5D",
      "utf-8" : "EE909D"
    },
    "430" : {
      "number" : "430",
      "unicode" : "E41E",
      "webcode" : "503e",
      "sjis" : "FB5E",
      "utf-8" : "EE909E"
    },
    "431" : {
      "number" : "431",
      "unicode" : "E41F",
      "webcode" : "503f",
      "sjis" : "FB5F",
      "utf-8" : "EE909F"
    },
    "432" : {
      "number" : "432",
      "unicode" : "E420",
      "webcode" : "5040",
      "sjis" : "FB60",
      "utf-8" : "EE90A0"
    },
    "433" : {
      "number" : "433",
      "unicode" : "E421",
      "webcode" : "5041",
      "sjis" : "FB61",
      "utf-8" : "EE90A1"
    },
    "434" : {
      "number" : "434",
      "unicode" : "E422",
      "webcode" : "5042",
      "sjis" : "FB62",
      "utf-8" : "EE90A2"
    },
    "435" : {
      "number" : "435",
      "unicode" : "E423",
      "webcode" : "5043",
      "sjis" : "FB63",
      "utf-8" : "EE90A3"
    },
    "436" : {
      "number" : "436",
      "unicode" : "E424",
      "webcode" : "5044",
      "sjis" : "FB64",
      "utf-8" : "EE90A4"
    },
    "437" : {
      "number" : "437",
      "unicode" : "E425",
      "webcode" : "5045",
      "sjis" : "FB65",
      "utf-8" : "EE90A5"
    },
    "438" : {
      "number" : "438",
      "unicode" : "E426",
      "webcode" : "5046",
      "sjis" : "FB66",
      "utf-8" : "EE90A6"
    },
    "439" : {
      "number" : "439",
      "unicode" : "E427",
      "webcode" : "5047",
      "sjis" : "FB67",
      "utf-8" : "EE90A7"
    },
    "440" : {
      "number" : "440",
      "unicode" : "E428",
      "webcode" : "5048",
      "sjis" : "FB68",
      "utf-8" : "EE90A8"
    },
    "441" : {
      "number" : "441",
      "unicode" : "E429",
      "webcode" : "5049",
      "sjis" : "FB69",
      "utf-8" : "EE90A9"
    },
    "442" : {
      "number" : "442",
      "unicode" : "E42A",
      "webcode" : "504a",
      "sjis" : "FB6A",
      "utf-8" : "EE90AA"
    },
    "443" : {
      "number" : "443",
      "unicode" : "E42B",
      "webcode" : "504b",
      "sjis" : "FB6B",
      "utf-8" : "EE90AB"
    },
    "444" : {
      "number" : "444",
      "unicode" : "E42C",
      "webcode" : "504c",
      "sjis" : "FB6C",
      "utf-8" : "EE90AC"
    },
    "445" : {
      "number" : "445",
      "unicode" : "E42D",
      "webcode" : "504d",
      "sjis" : "FB6D",
      "utf-8" : "EE90AD"
    },
    "446" : {
      "number" : "446",
      "unicode" : "E42E",
      "webcode" : "504e",
      "sjis" : "FB6E",
      "utf-8" : "EE90AE"
    },
    "447" : {
      "number" : "447",
      "unicode" : "E42F",
      "webcode" : "504f",
      "sjis" : "FB6F",
      "utf-8" : "EE90AF"
    },
    "448" : {
      "number" : "448",
      "unicode" : "E430",
      "webcode" : "5050",
      "sjis" : "FB70",
      "utf-8" : "EE90B0"
    },
    "449" : {
      "number" : "449",
      "unicode" : "E431",
      "webcode" : "5051",
      "sjis" : "FB71",
      "utf-8" : "EE90B1"
    },
    "450" : {
      "number" : "450",
      "unicode" : "E432",
      "webcode" : "5052",
      "sjis" : "FB72",
      "utf-8" : "EE90B2"
    },
    "451" : {
      "number" : "451",
      "unicode" : "E433",
      "webcode" : "5053",
      "sjis" : "FB73",
      "utf-8" : "EE90B3"
    },
    "452" : {
      "number" : "452",
      "unicode" : "E434",
      "webcode" : "5054",
      "sjis" : "FB74",
      "utf-8" : "EE90B4"
    },
    "453" : {
      "number" : "453",
      "unicode" : "E435",
      "webcode" : "5055",
      "sjis" : "FB75",
      "utf-8" : "EE90B5"
    },
    "454" : {
      "number" : "454",
      "unicode" : "E436",
      "webcode" : "5056",
      "sjis" : "FB76",
      "utf-8" : "EE90B6"
    },
    "455" : {
      "number" : "455",
      "unicode" : "E437",
      "webcode" : "5057",
      "sjis" : "FB77",
      "utf-8" : "EE90B7"
    },
    "456" : {
      "number" : "456",
      "unicode" : "E438",
      "webcode" : "5058",
      "sjis" : "FB78",
      "utf-8" : "EE90B8"
    },
    "457" : {
      "number" : "457",
      "unicode" : "E439",
      "webcode" : "5059",
      "sjis" : "FB79",
      "utf-8" : "EE90B9"
    },
    "458" : {
      "number" : "458",
      "unicode" : "E43A",
      "webcode" : "505a",
      "sjis" : "FB7A",
      "utf-8" : "EE90BA"
    },
    "459" : {
      "number" : "459",
      "unicode" : "E43B",
      "webcode" : "505b",
      "sjis" : "FB7B",
      "utf-8" : "EE90BB"
    },
    "460" : {
      "number" : "460",
      "unicode" : "E43C",
      "webcode" : "505c",
      "sjis" : "FB7C",
      "utf-8" : "EE90BC"
    },
    "461" : {
      "number" : "461",
      "unicode" : "E43D",
      "webcode" : "505d",
      "sjis" : "FB7D",
      "utf-8" : "EE90BD"
    },
    "462" : {
      "number" : "462",
      "unicode" : "E43E",
      "webcode" : "505e",
      "sjis" : "FB7E",
      "utf-8" : "EE90BE"
    },
    "463" : {
      "number" : "463",
      "unicode" : "E43F",
      "webcode" : "505f",
      "sjis" : "FB80",
      "utf-8" : "EE90BF"
    },
    "464" : {
      "number" : "464",
      "unicode" : "E440",
      "webcode" : "5060",
      "sjis" : "FB81",
      "utf-8" : "EE9180"
    },
    "465" : {
      "number" : "465",
      "unicode" : "E441",
      "webcode" : "5061",
      "sjis" : "FB82",
      "utf-8" : "EE9181"
    },
    "466" : {
      "number" : "466",
      "unicode" : "E442",
      "webcode" : "5062",
      "sjis" : "FB83",
      "utf-8" : "EE9182"
    },
    "467" : {
      "number" : "467",
      "unicode" : "E443",
      "webcode" : "5063",
      "sjis" : "FB84",
      "utf-8" : "EE9183"
    },
    "468" : {
      "number" : "468",
      "unicode" : "E444",
      "webcode" : "5064",
      "sjis" : "FB85",
      "utf-8" : "EE9184"
    },
    "469" : {
      "number" : "469",
      "unicode" : "E445",
      "webcode" : "5065",
      "sjis" : "FB86",
      "utf-8" : "EE9185"
    },
    "470" : {
      "number" : "470",
      "unicode" : "E446",
      "webcode" : "5066",
      "sjis" : "FB87",
      "utf-8" : "EE9186"
    },
    "471" : {
      "number" : "471",
      "unicode" : "E447",
      "webcode" : "5067",
      "sjis" : "FB88",
      "utf-8" : "EE9187"
    },
    "472" : {
      "number" : "472",
      "unicode" : "E448",
      "webcode" : "5068",
      "sjis" : "FB89",
      "utf-8" : "EE9188"
    },
    "473" : {
      "number" : "473",
      "unicode" : "E449",
      "webcode" : "5069",
      "sjis" : "FB8A",
      "utf-8" : "EE9189"
    },
    "474" : {
      "number" : "474",
      "unicode" : "E44A",
      "webcode" : "506a",
      "sjis" : "FB8B",
      "utf-8" : "EE918A"
    },
    "475" : {
      "number" : "475",
      "unicode" : "E44B",
      "webcode" : "506b",
      "sjis" : "FB8C",
      "utf-8" : "EE918B"
    },
    "476" : {
      "number" : "476",
      "unicode" : "E44C",
      "webcode" : "506c",
      "sjis" : "FB8D",
      "utf-8" : "EE918C"
    },
    "501" : {
      "number" : "501",
      "unicode" : "E501",
      "webcode" : "5121",
      "sjis" : "FBA1",
      "utf-8" : "EE9481"
    },
    "502" : {
      "number" : "502",
      "unicode" : "E502",
      "webcode" : "5122",
      "sjis" : "FBA2",
      "utf-8" : "EE9482"
    },
    "503" : {
      "number" : "503",
      "unicode" : "E503",
      "webcode" : "5123",
      "sjis" : "FBA3",
      "utf-8" : "EE9483"
    },
    "504" : {
      "number" : "504",
      "unicode" : "E504",
      "webcode" : "5124",
      "sjis" : "FBA4",
      "utf-8" : "EE9484"
    },
    "505" : {
      "number" : "505",
      "unicode" : "E505",
      "webcode" : "5125",
      "sjis" : "FBA5",
      "utf-8" : "EE9485"
    },
    "506" : {
      "number" : "506",
      "unicode" : "E506",
      "webcode" : "5126",
      "sjis" : "FBA6",
      "utf-8" : "EE9486"
    },
    "507" : {
      "number" : "507",
      "unicode" : "E507",
      "webcode" : "5127",
      "sjis" : "FBA7",
      "utf-8" : "EE9487"
    },
    "508" : {
      "number" : "508",
      "unicode" : "E508",
      "webcode" : "5128",
      "sjis" : "FBA8",
      "utf-8" : "EE9488"
    },
    "509" : {
      "number" : "509",
      "unicode" : "E509",
      "webcode" : "5129",
      "sjis" : "FBA9",
      "utf-8" : "EE9489"
    },
    "510" : {
      "number" : "510",
      "unicode" : "E50A",
      "webcode" : "512a",
      "sjis" : "FBAA",
      "utf-8" : "EE948A"
    },
    "511" : {
      "number" : "511",
      "unicode" : "E50B",
      "webcode" : "512b",
      "sjis" : "FBAB",
      "utf-8" : "EE948B"
    },
    "512" : {
      "number" : "512",
      "unicode" : "E50C",
      "webcode" : "512c",
      "sjis" : "FBAC",
      "utf-8" : "EE948C"
    },
    "513" : {
      "number" : "513",
      "unicode" : "E50D",
      "webcode" : "512d",
      "sjis" : "FBAD",
      "utf-8" : "EE948D"
    },
    "514" : {
      "number" : "514",
      "unicode" : "E50E",
      "webcode" : "512e",
      "sjis" : "FBAE",
      "utf-8" : "EE948E"
    },
    "515" : {
      "number" : "515",
      "unicode" : "E50F",
      "webcode" : "512f",
      "sjis" : "FBAF",
      "utf-8" : "EE948F"
    },
    "516" : {
      "number" : "516",
      "unicode" : "E510",
      "webcode" : "5130",
      "sjis" : "FBB0",
      "utf-8" : "EE9490"
    },
    "517" : {
      "number" : "517",
      "unicode" : "E511",
      "webcode" : "5131",
      "sjis" : "FBB1",
      "utf-8" : "EE9491"
    },
    "518" : {
      "number" : "518",
      "unicode" : "E512",
      "webcode" : "5132",
      "sjis" : "FBB2",
      "utf-8" : "EE9492"
    },
    "519" : {
      "number" : "519",
      "unicode" : "E513",
      "webcode" : "5133",
      "sjis" : "FBB3",
      "utf-8" : "EE9493"
    },
    "520" : {
      "number" : "520",
      "unicode" : "E514",
      "webcode" : "5134",
      "sjis" : "FBB4",
      "utf-8" : "EE9494"
    },
    "521" : {
      "number" : "521",
      "unicode" : "E515",
      "webcode" : "5135",
      "sjis" : "FBB5",
      "utf-8" : "EE9495"
    },
    "522" : {
      "number" : "522",
      "unicode" : "E516",
      "webcode" : "5136",
      "sjis" : "FBB6",
      "utf-8" : "EE9496"
    },
    "523" : {
      "number" : "523",
      "unicode" : "E517",
      "webcode" : "5137",
      "sjis" : "FBB7",
      "utf-8" : "EE9497"
    },
    "524" : {
      "number" : "524",
      "unicode" : "E518",
      "webcode" : "5138",
      "sjis" : "FBB8",
      "utf-8" : "EE9498"
    },
    "525" : {
      "number" : "525",
      "unicode" : "E519",
      "webcode" : "5139",
      "sjis" : "FBB9",
      "utf-8" : "EE9499"
    },
    "526" : {
      "number" : "526",
      "unicode" : "E51A",
      "webcode" : "513a",
      "sjis" : "FBBA",
      "utf-8" : "EE949A"
    },
    "527" : {
      "number" : "527",
      "unicode" : "E51B",
      "webcode" : "513b",
      "sjis" : "FBBB",
      "utf-8" : "EE949B"
    },
    "528" : {
      "number" : "528",
      "unicode" : "E51C",
      "webcode" : "51",
      "sjis" : "FBBC",
      "utf-8" : "EE949C"
    },
    "529" : {
      "number" : "529",
      "unicode" : "E51D",
      "webcode" : "513d",
      "sjis" : "FBBD",
      "utf-8" : "EE949D"
    },
    "530" : {
      "number" : "530",
      "unicode" : "E51E",
      "webcode" : "513e",
      "sjis" : "FBBE",
      "utf-8" : "EE949E"
    },
    "531" : {
      "number" : "531",
      "unicode" : "E51F",
      "webcode" : "513f",
      "sjis" : "FBBF",
      "utf-8" : "EE949F"
    },
    "532" : {
      "number" : "532",
      "unicode" : "E520",
      "webcode" : "5140",
      "sjis" : "FBC0",
      "utf-8" : "EE94A0"
    },
    "533" : {
      "number" : "533",
      "unicode" : "E521",
      "webcode" : "5141",
      "sjis" : "FBC1",
      "utf-8" : "EE94A1"
    },
    "534" : {
      "number" : "534",
      "unicode" : "E522",
      "webcode" : "5142",
      "sjis" : "FBC2",
      "utf-8" : "EE94A2"
    },
    "535" : {
      "number" : "535",
      "unicode" : "E523",
      "webcode" : "5143",
      "sjis" : "FBC3",
      "utf-8" : "EE94A3"
    },
    "536" : {
      "number" : "536",
      "unicode" : "E524",
      "webcode" : "5144",
      "sjis" : "FBC4",
      "utf-8" : "EE94A4"
    },
    "537" : {
      "number" : "537",
      "unicode" : "E525",
      "webcode" : "5145",
      "sjis" : "FBC5",
      "utf-8" : "EE94A5"
    },
    "538" : {
      "number" : "538",
      "unicode" : "E526",
      "webcode" : "5146",
      "sjis" : "FBC6",
      "utf-8" : "EE94A6"
    },
    "539" : {
      "number" : "539",
      "unicode" : "E527",
      "webcode" : "5147",
      "sjis" : "FBC7",
      "utf-8" : "EE94A7"
    },
    "540" : {
      "number" : "540",
      "unicode" : "E528",
      "webcode" : "5148",
      "sjis" : "FBC8",
      "utf-8" : "EE94A8"
    },
    "541" : {
      "number" : "541",
      "unicode" : "E529",
      "webcode" : "5149",
      "sjis" : "FBC9",
      "utf-8" : "EE94A9"
    },
    "542" : {
      "number" : "542",
      "unicode" : "E52A",
      "webcode" : "514a",
      "sjis" : "FBCA",
      "utf-8" : "EE94AA"
    },
    "543" : {
      "number" : "543",
      "unicode" : "E52B",
      "webcode" : "514b",
      "sjis" : "FBCB",
      "utf-8" : "EE94AB"
    },
    "544" : {
      "number" : "544",
      "unicode" : "E52C",
      "webcode" : "514c",
      "sjis" : "FBCC",
      "utf-8" : "EE94AC"
    },
    "545" : {
      "number" : "545",
      "unicode" : "E52D",
      "webcode" : "514d",
      "sjis" : "FBCD",
      "utf-8" : "EE94AD"
    },
    "546" : {
      "number" : "546",
      "unicode" : "E52E",
      "webcode" : "514e",
      "sjis" : "FBCE",
      "utf-8" : "EE94AE"
    },
    "547" : {
      "number" : "547",
      "unicode" : "E52F",
      "webcode" : "514f",
      "sjis" : "FBCF",
      "utf-8" : "EE94AF"
    },
    "548" : {
      "number" : "548",
      "unicode" : "E530",
      "webcode" : "5150",
      "sjis" : "FBD0",
      "utf-8" : "EE94B0"
    },
    "549" : {
      "number" : "549",
      "unicode" : "E531",
      "webcode" : "5151",
      "sjis" : "FBD1",
      "utf-8" : "EE94B1"
    },
    "550" : {
      "number" : "550",
      "unicode" : "E532",
      "webcode" : "5152",
      "sjis" : "FBD2",
      "utf-8" : "EE94B2"
    },
    "551" : {
      "number" : "551",
      "unicode" : "E533",
      "webcode" : "5153",
      "sjis" : "FBD3",
      "utf-8" : "EE94B3"
    },
    "552" : {
      "number" : "552",
      "unicode" : "E534",
      "webcode" : "5154",
      "sjis" : "FBD4",
      "utf-8" : "EE94B4"
    },
    "553" : {
      "number" : "553",
      "unicode" : "E535",
      "webcode" : "5155",
      "sjis" : "FBD5",
      "utf-8" : "EE94B5"
    },
    "554" : {
      "number" : "554",
      "unicode" : "E536",
      "webcode" : "5156",
      "sjis" : "FBD6",
      "utf-8" : "EE94B6"
    },
    "555" : {
      "number" : "555",
      "unicode" : "E537",
      "webcode" : "5157",
      "sjis" : "FBD7",
      "utf-8" : "EE94B7"
    },
    "556" : {
      "number" : "556",
      "unicode" : "E538",
      "webcode" : "5158",
      "sjis" : "FBD8",
      "utf-8" : "EE94B8"
    },
    "557" : {
      "number" : "557",
      "unicode" : "E539",
      "webcode" : "5159",
      "sjis" : "FBD9",
      "utf-8" : "EE94B9"
    },
    "558" : {
      "number" : "558",
      "unicode" : "E53A",
      "webcode" : "515A",
      "sjis" : "FBDA",
      "utf-8" : "EE94BA"
    },
    "559" : {
      "number" : "559",
      "unicode" : "E53B",
      "webcode" : "515B",
      "sjis" : "FBDB",
      "utf-8" : "EE94BB"
    },
    "560" : {
      "number" : "560",
      "unicode" : "E53C",
      "webcode" : "515C",
      "sjis" : "FBDC",
      "utf-8" : "EE94BC"
    },
    "561" : {
      "number" : "561",
      "unicode" : "E53D",
      "webcode" : "515D",
      "sjis" : "FBDD",
      "utf-8" : "EE94BD"
    },
    "562" : {
      "number" : "562",
      "unicode" : "E53E",
      "webcode" : "515E",
      "sjis" : "FBDE",
      "utf-8" : "EE94BE"
    }
  }
}
