<?xml version="1.0" encoding="UTF-8"?>
<soycms><id>sampleomame_en</id><name>(SAMPLE) SOYBEAN, Inc.</name><type>0</type><description><![CDATA[This is SOY CMS Sample website data.]]></description><files><file><name>files_sampleomame_omame.css</name><path>/files/sampleomame/omame.css</path><description></description></file><file><name>files_sampleomame_marker.gif</name><path>/files/sampleomame/marker.gif</path><description></description></file><file><name>files_sampleomame_background.png</name><path>/files/sampleomame/background.png</path><description></description></file><file><name>files_sampleomame_companyinfo_banner.png</name><path>/files/sampleomame/companyinfo_banner.png</path><description></description></file><file><name>files_sampleomame_header.png</name><path>/files/sampleomame/header.png</path><description></description></file><file><name>files_sampleomame_header_h.png</name><path>/files/sampleomame/header_h.png</path><description></description></file><file><name>files_sampleomame_inquiry_banner.png</name><path>/files/sampleomame/inquiry_banner.png</path><description></description></file><file><name>files_sampleomame_marker.png</name><path>/files/sampleomame/marker.png</path><description></description></file><file><name>files_sampleomame_menu.png</name><path>/files/sampleomame/menu.png</path><description></description></file><file><name>files_sampleomame_news_box.png</name><path>/files/sampleomame/news_box.png</path><description></description></file><file><name>files_sampleomame_news_box_bottom.png</name><path>/files/sampleomame/news_box_bottom.png</path><description></description></file><file><name>files_sampleomame_news_box_bottom_thin.png</name><path>/files/sampleomame/news_box_bottom_thin.png</path><description></description></file><file><name>files_sampleomame_news_box_top.png</name><path>/files/sampleomame/news_box_top.png</path><description></description></file><file><name>files_sampleomame_news_box_top_thin.png</name><path>/files/sampleomame/news_box_top_thin.png</path><description></description></file><file><name>files_sampleomame_news_h2.png</name><path>/files/sampleomame/news_h2.png</path><description></description></file><file><name>files_sampleomame_pcatalogue_banner_detail.png</name><path>/files/sampleomame/pcatalogue_banner_detail.png</path><description></description></file><file><name>files_sampleomame_pcatalogue_banner_list.png</name><path>/files/sampleomame/pcatalogue_banner_list.png</path><description></description></file><file><name>files_sampleomame_recommended_h2.png</name><path>/files/sampleomame/recommended_h2.png</path><description></description></file><file><name>files_sampleomame_recruit_banner.png</name><path>/files/sampleomame/recruit_banner.png</path><description></description></file><file><name>files_sampleomame_top.png</name><path>/files/sampleomame/top.png</path><description></description></file><file><name>files_sampleomame_topics_banner.png</name><path>/files/sampleomame/topics_banner.png</path><description></description></file></files><templates><template><id>c827be3994c811b7623a8511d2ed0dd2</id><name>Soybean, Inc</name><description><![CDATA[This is sample data of top page.]]></description></template><template><id>dfc17398533e170e2c98b74938e1754e</id><name>Soybean, Inc | Company Information</name><description><![CDATA[This is sample data of company information page.]]></description></template></templates></soycms>
